# Blender 4.1 Wavefront OBJ
# Barbacena Centro - Malha Perfeita e Contínua
mtllib map.mtl

v -360.0000 25.0000 -360.0000
v -360.0000 25.0000 -336.0000
v -360.0000 25.0000 -312.0000
v -360.0000 25.0000 -288.0000
v -360.0000 25.0000 -264.0000
v -360.0000 25.0000 -240.0000
v -360.0000 25.0000 -216.0000
v -360.0000 24.1200 -192.0000
v -360.0000 23.1544 -168.0000
v -360.0000 22.2959 -144.0000
v -360.0000 21.5526 -120.0000
v -360.0000 20.9322 -96.0000
v -360.0000 20.4416 -72.0000
v -360.0000 20.0867 -48.0000
v -360.0000 19.8719 -24.0000
v -360.0000 19.8000 0.0000
v -360.0000 19.8719 24.0000
v -360.0000 20.0867 48.0000
v -360.0000 20.4416 72.0000
v -360.0000 20.9322 96.0000
v -360.0000 21.5526 120.0000
v -360.0000 22.2959 144.0000
v -360.0000 23.1544 168.0000
v -360.0000 24.1200 192.0000
v -360.0000 25.0000 216.0000
v -360.0000 25.0000 240.0000
v -360.0000 25.0000 264.0000
v -360.0000 25.0000 288.0000
v -360.0000 25.0000 312.0000
v -360.0000 25.0000 336.0000
v -360.0000 25.0000 360.0000
v -336.0000 25.0000 -360.0000
v -336.0000 25.0000 -336.0000
v -336.0000 25.0000 -312.0000
v -336.0000 25.0000 -288.0000
v -336.0000 25.0000 -264.0000
v -336.0000 24.5620 -240.0000
v -336.0000 23.3496 -216.0000
v -336.0000 22.2290 -192.0000
v -336.0000 21.2093 -168.0000
v -336.0000 20.3001 -144.0000
v -336.0000 19.5107 -120.0000
v -336.0000 18.8501 -96.0000
v -336.0000 18.3265 -72.0000
v -336.0000 17.9470 -48.0000
v -336.0000 17.7170 -24.0000
v -336.0000 17.6400 0.0000
v -336.0000 17.7170 24.0000
v -336.0000 17.9470 48.0000
v -336.0000 18.3265 72.0000
v -336.0000 18.8501 96.0000
v -336.0000 19.5107 120.0000
v -336.0000 20.3001 144.0000
v -336.0000 21.2093 168.0000
v -336.0000 22.2290 192.0000
v -336.0000 23.3496 216.0000
v -336.0000 24.5620 240.0000
v -336.0000 25.0000 264.0000
v -336.0000 25.0000 288.0000
v -336.0000 25.0000 312.0000
v -336.0000 25.0000 336.0000
v -336.0000 25.0000 360.0000
v -312.0000 25.0000 -360.0000
v -312.0000 25.0000 -336.0000
v -312.0000 25.0000 -312.0000
v -312.0000 25.0000 -288.0000
v -312.0000 24.1835 -264.0000
v -312.0000 22.8266 -240.0000
v -312.0000 21.5526 -216.0000
v -312.0000 20.3710 -192.0000
v -312.0000 19.2920 -168.0000
v -312.0000 18.3265 -144.0000
v -312.0000 17.4853 -120.0000
v -312.0000 16.7792 -96.0000
v -312.0000 16.2180 -72.0000
v -312.0000 15.8104 -48.0000
v -312.0000 15.5630 -24.0000
v -312.0000 15.4800 0.0000
v -312.0000 15.5630 24.0000
v -312.0000 15.8104 48.0000
v -312.0000 16.2180 72.0000
v -312.0000 16.7792 96.0000
v -312.0000 17.4853 120.0000
v -312.0000 18.3265 144.0000
v -312.0000 19.2920 168.0000
v -312.0000 20.3710 192.0000
v -312.0000 21.5526 216.0000
v -312.0000 22.8266 240.0000
v -312.0000 24.1835 264.0000
v -312.0000 25.0000 288.0000
v -312.0000 25.0000 312.0000
v -312.0000 25.0000 336.0000
v -312.0000 25.0000 360.0000
v -288.0000 25.0000 -360.0000
v -288.0000 25.0000 -336.0000
v -288.0000 25.0000 -312.0000
v -288.0000 24.0564 -288.0000
v -288.0000 22.5623 -264.0000
v -288.0000 21.1403 -240.0000
v -288.0000 19.8000 -216.0000
v -288.0000 18.5520 -192.0000
v -288.0000 17.4077 -168.0000
v -288.0000 16.3794 -144.0000
v -288.0000 15.4800 -120.0000
v -288.0000 14.7221 -96.0000
v -288.0000 14.1177 -72.0000
v -288.0000 13.6775 -48.0000
v -288.0000 13.4098 -24.0000
v -288.0000 13.3200 0.0000
v -288.0000 13.4098 24.0000
v -288.0000 13.6775 48.0000
v -288.0000 14.1177 72.0000
v -288.0000 14.7221 96.0000
v -288.0000 15.4800 120.0000
v -288.0000 16.3794 144.0000
v -288.0000 17.4077 168.0000
v -288.0000 18.5520 192.0000
v -288.0000 19.8000 216.0000
v -288.0000 21.1403 240.0000
v -288.0000 22.5623 264.0000
v -288.0000 24.0564 288.0000
v -288.0000 25.0000 312.0000
v -288.0000 25.0000 336.0000
v -288.0000 25.0000 360.0000
v -264.0000 25.0000 -360.0000
v -264.0000 25.0000 -336.0000
v -264.0000 24.1835 -312.0000
v -264.0000 22.5623 -288.0000
v -264.0000 21.0017 -264.0000
v -264.0000 19.5107 -240.0000
v -264.0000 18.0994 -216.0000
v -264.0000 16.7792 -192.0000
v -264.0000 15.5630 -168.0000
v -264.0000 14.4647 -144.0000
v -264.0000 13.4994 -120.0000
v -264.0000 12.6822 -96.0000
v -264.0000 12.0278 -72.0000
v -264.0000 11.5495 -48.0000
v -264.0000 11.2580 -24.0000
v -264.0000 11.1600 0.0000
v -264.0000 11.2580 24.0000
v -264.0000 11.5495 48.0000
v -264.0000 12.0278 72.0000
v -264.0000 12.6822 96.0000
v -264.0000 13.4994 120.0000
v -264.0000 14.4647 144.0000
v -264.0000 15.5630 168.0000
v -264.0000 16.7792 192.0000
v -264.0000 18.0994 216.0000
v -264.0000 19.5107 240.0000
v -264.0000 21.0017 264.0000
v -264.0000 22.5623 288.0000
v -264.0000 24.1835 312.0000
v -264.0000 25.0000 336.0000
v -264.0000 25.0000 360.0000
v -240.0000 25.0000 -360.0000
v -240.0000 24.5620 -336.0000
v -240.0000 22.8266 -312.0000
v -240.0000 21.1403 -288.0000
v -240.0000 19.5107 -264.0000
v -240.0000 17.9470 -240.0000
v -240.0000 16.4598 -216.0000
v -240.0000 15.0615 -192.0000
v -240.0000 13.7662 -168.0000
v -240.0000 12.5897 -144.0000
v -240.0000 11.5495 -120.0000
v -240.0000 10.6639 -96.0000
v -240.0000 9.9511 -72.0000
v -240.0000 9.4278 -48.0000
v -240.0000 9.1077 -24.0000
v -240.0000 9.0000 0.0000
v -240.0000 9.1077 24.0000
v -240.0000 9.4278 48.0000
v -240.0000 9.9511 72.0000
v -240.0000 10.6639 96.0000
v -240.0000 11.5495 120.0000
v -240.0000 12.5897 144.0000
v -240.0000 13.7662 168.0000
v -240.0000 15.0615 192.0000
v -240.0000 16.4598 216.0000
v -240.0000 17.9470 240.0000
v -240.0000 19.5107 264.0000
v -240.0000 21.1403 288.0000
v -240.0000 22.8266 312.0000
v -240.0000 24.5620 336.0000
v -240.0000 25.0000 360.0000
v -216.0000 25.0000 -360.0000
v -216.0000 23.3496 -336.0000
v -216.0000 21.5526 -312.0000
v -216.0000 19.8000 -288.0000
v -216.0000 18.0994 -264.0000
v -216.0000 16.4598 -240.0000
v -216.0000 14.8923 -216.0000
v -216.0000 13.4098 -192.0000
v -216.0000 12.0278 -168.0000
v -216.0000 10.7640 -144.0000
v -216.0000 9.6386 -120.0000
v -216.0000 8.6735 -96.0000
v -216.0000 7.8916 -72.0000
v -216.0000 7.3142 -48.0000
v -216.0000 6.9596 -24.0000
v -216.0000 6.8400 0.0000
v -216.0000 6.9596 24.0000
v -216.0000 7.3142 48.0000
v -216.0000 7.8916 72.0000
v -216.0000 8.6735 96.0000
v -216.0000 9.6386 120.0000
v -216.0000 10.7640 144.0000
v -216.0000 12.0278 168.0000
v -216.0000 13.4098 192.0000
v -216.0000 14.8923 216.0000
v -216.0000 16.4598 240.0000
v -216.0000 18.0994 264.0000
v -216.0000 19.8000 288.0000
v -216.0000 21.5526 312.0000
v -216.0000 23.3496 336.0000
v -216.0000 25.0000 360.0000
v -192.0000 24.1200 -360.0000
v -192.0000 22.2290 -336.0000
v -192.0000 20.3710 -312.0000
v -192.0000 18.5520 -288.0000
v -192.0000 16.7792 -264.0000
v -192.0000 15.0615 -240.0000
v -192.0000 13.4098 -216.0000
v -192.0000 11.8376 -192.0000
v -192.0000 10.3611 -168.0000
v -192.0000 9.0000 -144.0000
v -192.0000 7.7774 -120.0000
v -192.0000 6.7196 -96.0000
v -192.0000 5.8550 -72.0000
v -192.0000 5.2118 -48.0000
v -192.0000 4.8145 -24.0000
v -192.0000 4.6800 0.0000
v -192.0000 4.8145 24.0000
v -192.0000 5.2118 48.0000
v -192.0000 5.8550 72.0000
v -192.0000 6.7196 96.0000
v -192.0000 7.7774 120.0000
v -192.0000 9.0000 144.0000
v -192.0000 10.3611 168.0000
v -192.0000 11.8376 192.0000
v -192.0000 13.4098 216.0000
v -192.0000 15.0615 240.0000
v -192.0000 16.7792 264.0000
v -192.0000 18.5520 288.0000
v -192.0000 20.3710 312.0000
v -192.0000 22.2290 336.0000
v -192.0000 24.1200 360.0000
v -168.0000 23.1544 -360.0000
v -168.0000 21.2093 -336.0000
v -168.0000 19.2920 -312.0000
v -168.0000 17.4077 -288.0000
v -168.0000 15.5630 -264.0000
v -168.0000 13.7662 -240.0000
v -168.0000 12.0278 -216.0000
v -168.0000 10.3611 -192.0000
v -168.0000 8.7829 -168.0000
v -168.0000 7.3142 -144.0000
v -168.0000 5.9810 -120.0000
v -168.0000 4.8145 -96.0000
v -168.0000 3.8501 -72.0000
v -168.0000 3.1250 -48.0000
v -168.0000 2.6735 -24.0000
v -168.0000 2.5200 0.0000
v -168.0000 2.6735 24.0000
v -168.0000 3.1250 48.0000
v -168.0000 3.8501 72.0000
v -168.0000 4.8145 96.0000
v -168.0000 5.9810 120.0000
v -168.0000 7.3142 144.0000
v -168.0000 8.7829 168.0000
v -168.0000 10.3611 192.0000
v -168.0000 12.0278 216.0000
v -168.0000 13.7662 240.0000
v -168.0000 15.5630 264.0000
v -168.0000 17.4077 288.0000
v -168.0000 19.2920 312.0000
v -168.0000 21.2093 336.0000
v -168.0000 23.1544 360.0000
v -144.0000 22.2959 -360.0000
v -144.0000 20.3001 -336.0000
v -144.0000 18.3265 -312.0000
v -144.0000 16.3794 -288.0000
v -144.0000 14.4647 -264.0000
v -144.0000 12.5897 -240.0000
v -144.0000 10.7640 -216.0000
v -144.0000 9.0000 -192.0000
v -144.0000 7.3142 -168.0000
v -144.0000 5.7282 -144.0000
v -144.0000 4.2701 -120.0000
v -144.0000 2.9760 -96.0000
v -144.0000 1.8897 -72.0000
v -144.0000 1.0610 -48.0000
v -144.0000 0.5388 -24.0000
v -144.0000 0.3600 0.0000
v -144.0000 0.5388 24.0000
v -144.0000 1.0610 48.0000
v -144.0000 1.8897 72.0000
v -144.0000 2.9760 96.0000
v -144.0000 4.2701 120.0000
v -144.0000 5.7282 144.0000
v -144.0000 7.3142 168.0000
v -144.0000 9.0000 192.0000
v -144.0000 10.7640 216.0000
v -144.0000 12.5897 240.0000
v -144.0000 14.4647 264.0000
v -144.0000 16.3794 288.0000
v -144.0000 18.3265 312.0000
v -144.0000 20.3001 336.0000
v -144.0000 22.2959 360.0000
v -120.0000 21.5526 -360.0000
v -120.0000 19.5107 -336.0000
v -120.0000 17.4853 -312.0000
v -120.0000 15.4800 -288.0000
v -120.0000 13.4994 -264.0000
v -120.0000 11.5495 -240.0000
v -120.0000 9.6386 -216.0000
v -120.0000 7.7774 -192.0000
v -120.0000 5.9810 -168.0000
v -120.0000 4.2701 -144.0000
v -120.0000 2.6735 -120.0000
v -120.0000 1.2307 -96.0000
v -120.0000 0.0000 -72.0000
v -120.0000 0.0000 -48.0000
v -120.0000 0.0000 -24.0000
v -120.0000 0.0000 0.0000
v -120.0000 0.0000 24.0000
v -120.0000 0.0000 48.0000
v -120.0000 0.0000 72.0000
v -120.0000 1.2307 96.0000
v -120.0000 2.6735 120.0000
v -120.0000 4.2701 144.0000
v -120.0000 5.9810 168.0000
v -120.0000 7.7774 192.0000
v -120.0000 9.6386 216.0000
v -120.0000 11.5495 240.0000
v -120.0000 13.4994 264.0000
v -120.0000 15.4800 288.0000
v -120.0000 17.4853 312.0000
v -120.0000 19.5107 336.0000
v -120.0000 21.5526 360.0000
v -96.0000 20.9322 -360.0000
v -96.0000 18.8501 -336.0000
v -96.0000 16.7792 -312.0000
v -96.0000 14.7221 -288.0000
v -96.0000 12.6822 -264.0000
v -96.0000 10.6639 -240.0000
v -96.0000 8.6735 -216.0000
v -96.0000 6.7196 -192.0000
v -96.0000 4.8145 -168.0000
v -96.0000 2.9760 -144.0000
v -96.0000 1.2307 -120.0000
v -96.0000 0.0000 -96.0000
v -96.0000 0.0000 -72.0000
v -96.0000 0.0000 -48.0000
v -96.0000 0.0000 -24.0000
v -96.0000 0.0000 0.0000
v -96.0000 0.0000 24.0000
v -96.0000 0.0000 48.0000
v -96.0000 0.0000 72.0000
v -96.0000 0.0000 96.0000
v -96.0000 1.2307 120.0000
v -96.0000 2.9760 144.0000
v -96.0000 4.8145 168.0000
v -96.0000 6.7196 192.0000
v -96.0000 8.6735 216.0000
v -96.0000 10.6639 240.0000
v -96.0000 12.6822 264.0000
v -96.0000 14.7221 288.0000
v -96.0000 16.7792 312.0000
v -96.0000 18.8501 336.0000
v -96.0000 20.9322 360.0000
v -72.0000 20.4416 -360.0000
v -72.0000 18.3265 -336.0000
v -72.0000 16.2180 -312.0000
v -72.0000 14.1177 -288.0000
v -72.0000 12.0278 -264.0000
v -72.0000 9.9511 -240.0000
v -72.0000 7.8916 -216.0000
v -72.0000 5.8550 -192.0000
v -72.0000 3.8501 -168.0000
v -72.0000 1.8897 -144.0000
v -72.0000 0.0000 -120.0000
v -72.0000 0.0000 -96.0000
v -72.0000 0.0000 -72.0000
v -72.0000 0.0000 -48.0000
v -72.0000 0.0000 -24.0000
v -72.0000 0.0000 0.0000
v -72.0000 0.0000 24.0000
v -72.0000 0.0000 48.0000
v -72.0000 0.0000 72.0000
v -72.0000 0.0000 96.0000
v -72.0000 0.0000 120.0000
v -72.0000 1.8897 144.0000
v -72.0000 3.8501 168.0000
v -72.0000 5.8550 192.0000
v -72.0000 7.8916 216.0000
v -72.0000 9.9511 240.0000
v -72.0000 12.0278 264.0000
v -72.0000 14.1177 288.0000
v -72.0000 16.2180 312.0000
v -72.0000 18.3265 336.0000
v -72.0000 20.4416 360.0000
v -48.0000 20.0867 -360.0000
v -48.0000 17.9470 -336.0000
v -48.0000 15.8104 -312.0000
v -48.0000 13.6775 -288.0000
v -48.0000 11.5495 -264.0000
v -48.0000 9.4278 -240.0000
v -48.0000 7.3142 -216.0000
v -48.0000 5.2118 -192.0000
v -48.0000 3.1250 -168.0000
v -48.0000 1.0610 -144.0000
v -48.0000 0.0000 -120.0000
v -48.0000 0.0000 -96.0000
v -48.0000 0.0000 -72.0000
v -48.0000 0.0000 -48.0000
v -48.0000 0.0000 -24.0000
v -48.0000 0.0000 0.0000
v -48.0000 0.0000 24.0000
v -48.0000 0.0000 48.0000
v -48.0000 0.0000 72.0000
v -48.0000 0.0000 96.0000
v -48.0000 0.0000 120.0000
v -48.0000 1.0610 144.0000
v -48.0000 3.1250 168.0000
v -48.0000 5.2118 192.0000
v -48.0000 7.3142 216.0000
v -48.0000 9.4278 240.0000
v -48.0000 11.5495 264.0000
v -48.0000 13.6775 288.0000
v -48.0000 15.8104 312.0000
v -48.0000 17.9470 336.0000
v -48.0000 20.0867 360.0000
v -24.0000 19.8719 -360.0000
v -24.0000 17.7170 -336.0000
v -24.0000 15.5630 -312.0000
v -24.0000 13.4098 -288.0000
v -24.0000 11.2580 -264.0000
v -24.0000 9.1077 -240.0000
v -24.0000 6.9596 -216.0000
v -24.0000 4.8145 -192.0000
v -24.0000 2.6735 -168.0000
v -24.0000 0.5388 -144.0000
v -24.0000 0.0000 -120.0000
v -24.0000 0.0000 -96.0000
v -24.0000 0.0000 -72.0000
v -24.0000 0.0000 -48.0000
v -24.0000 0.0000 -24.0000
v -24.0000 0.0000 0.0000
v -24.0000 0.0000 24.0000
v -24.0000 0.0000 48.0000
v -24.0000 0.0000 72.0000
v -24.0000 0.0000 96.0000
v -24.0000 0.0000 120.0000
v -24.0000 0.5388 144.0000
v -24.0000 2.6735 168.0000
v -24.0000 4.8145 192.0000
v -24.0000 6.9596 216.0000
v -24.0000 9.1077 240.0000
v -24.0000 11.2580 264.0000
v -24.0000 13.4098 288.0000
v -24.0000 15.5630 312.0000
v -24.0000 17.7170 336.0000
v -24.0000 19.8719 360.0000
v 0.0000 19.8000 -360.0000
v 0.0000 17.6400 -336.0000
v 0.0000 15.4800 -312.0000
v 0.0000 13.3200 -288.0000
v 0.0000 11.1600 -264.0000
v 0.0000 9.0000 -240.0000
v 0.0000 6.8400 -216.0000
v 0.0000 4.6800 -192.0000
v 0.0000 2.5200 -168.0000
v 0.0000 0.3600 -144.0000
v 0.0000 0.0000 -120.0000
v 0.0000 0.0000 -96.0000
v 0.0000 0.0000 -72.0000
v 0.0000 0.0000 -48.0000
v 0.0000 0.0000 -24.0000
v 0.0000 0.0000 0.0000
v 0.0000 0.0000 24.0000
v 0.0000 0.0000 48.0000
v 0.0000 0.0000 72.0000
v 0.0000 0.0000 96.0000
v 0.0000 0.0000 120.0000
v 0.0000 0.3600 144.0000
v 0.0000 2.5200 168.0000
v 0.0000 4.6800 192.0000
v 0.0000 6.8400 216.0000
v 0.0000 9.0000 240.0000
v 0.0000 11.1600 264.0000
v 0.0000 13.3200 288.0000
v 0.0000 15.4800 312.0000
v 0.0000 17.6400 336.0000
v 0.0000 19.8000 360.0000
v 24.0000 19.8719 -360.0000
v 24.0000 17.7170 -336.0000
v 24.0000 15.5630 -312.0000
v 24.0000 13.4098 -288.0000
v 24.0000 11.2580 -264.0000
v 24.0000 9.1077 -240.0000
v 24.0000 6.9596 -216.0000
v 24.0000 4.8145 -192.0000
v 24.0000 2.6735 -168.0000
v 24.0000 0.5388 -144.0000
v 24.0000 0.0000 -120.0000
v 24.0000 0.0000 -96.0000
v 24.0000 0.0000 -72.0000
v 24.0000 0.0000 -48.0000
v 24.0000 0.0000 -24.0000
v 24.0000 0.0000 0.0000
v 24.0000 0.0000 24.0000
v 24.0000 0.0000 48.0000
v 24.0000 0.0000 72.0000
v 24.0000 0.0000 96.0000
v 24.0000 0.0000 120.0000
v 24.0000 0.5388 144.0000
v 24.0000 2.6735 168.0000
v 24.0000 4.8145 192.0000
v 24.0000 6.9596 216.0000
v 24.0000 9.1077 240.0000
v 24.0000 11.2580 264.0000
v 24.0000 13.4098 288.0000
v 24.0000 15.5630 312.0000
v 24.0000 17.7170 336.0000
v 24.0000 19.8719 360.0000
v 48.0000 20.0867 -360.0000
v 48.0000 17.9470 -336.0000
v 48.0000 15.8104 -312.0000
v 48.0000 13.6775 -288.0000
v 48.0000 11.5495 -264.0000
v 48.0000 9.4278 -240.0000
v 48.0000 7.3142 -216.0000
v 48.0000 5.2118 -192.0000
v 48.0000 3.1250 -168.0000
v 48.0000 1.0610 -144.0000
v 48.0000 0.0000 -120.0000
v 48.0000 0.0000 -96.0000
v 48.0000 0.0000 -72.0000
v 48.0000 0.0000 -48.0000
v 48.0000 0.0000 -24.0000
v 48.0000 0.0000 0.0000
v 48.0000 0.0000 24.0000
v 48.0000 0.0000 48.0000
v 48.0000 0.0000 72.0000
v 48.0000 0.0000 96.0000
v 48.0000 0.0000 120.0000
v 48.0000 1.0610 144.0000
v 48.0000 3.1250 168.0000
v 48.0000 5.2118 192.0000
v 48.0000 7.3142 216.0000
v 48.0000 9.4278 240.0000
v 48.0000 11.5495 264.0000
v 48.0000 13.6775 288.0000
v 48.0000 15.8104 312.0000
v 48.0000 17.9470 336.0000
v 48.0000 20.0867 360.0000
v 72.0000 20.4416 -360.0000
v 72.0000 18.3265 -336.0000
v 72.0000 16.2180 -312.0000
v 72.0000 14.1177 -288.0000
v 72.0000 12.0278 -264.0000
v 72.0000 9.9511 -240.0000
v 72.0000 7.8916 -216.0000
v 72.0000 5.8550 -192.0000
v 72.0000 3.8501 -168.0000
v 72.0000 1.8897 -144.0000
v 72.0000 0.0000 -120.0000
v 72.0000 0.0000 -96.0000
v 72.0000 0.0000 -72.0000
v 72.0000 0.0000 -48.0000
v 72.0000 0.0000 -24.0000
v 72.0000 0.0000 0.0000
v 72.0000 0.0000 24.0000
v 72.0000 0.0000 48.0000
v 72.0000 0.0000 72.0000
v 72.0000 0.0000 96.0000
v 72.0000 0.0000 120.0000
v 72.0000 1.8897 144.0000
v 72.0000 3.8501 168.0000
v 72.0000 5.8550 192.0000
v 72.0000 7.8916 216.0000
v 72.0000 9.9511 240.0000
v 72.0000 12.0278 264.0000
v 72.0000 14.1177 288.0000
v 72.0000 16.2180 312.0000
v 72.0000 18.3265 336.0000
v 72.0000 20.4416 360.0000
v 96.0000 20.9322 -360.0000
v 96.0000 18.8501 -336.0000
v 96.0000 16.7792 -312.0000
v 96.0000 14.7221 -288.0000
v 96.0000 12.6822 -264.0000
v 96.0000 10.6639 -240.0000
v 96.0000 8.6735 -216.0000
v 96.0000 6.7196 -192.0000
v 96.0000 4.8145 -168.0000
v 96.0000 2.9760 -144.0000
v 96.0000 1.2307 -120.0000
v 96.0000 0.0000 -96.0000
v 96.0000 0.0000 -72.0000
v 96.0000 0.0000 -48.0000
v 96.0000 0.0000 -24.0000
v 96.0000 0.0000 0.0000
v 96.0000 0.0000 24.0000
v 96.0000 0.0000 48.0000
v 96.0000 0.0000 72.0000
v 96.0000 0.0000 96.0000
v 96.0000 1.2307 120.0000
v 96.0000 2.9760 144.0000
v 96.0000 4.8145 168.0000
v 96.0000 6.7196 192.0000
v 96.0000 8.6735 216.0000
v 96.0000 10.6639 240.0000
v 96.0000 12.6822 264.0000
v 96.0000 14.7221 288.0000
v 96.0000 16.7792 312.0000
v 96.0000 18.8501 336.0000
v 96.0000 20.9322 360.0000
v 120.0000 21.5526 -360.0000
v 120.0000 19.5107 -336.0000
v 120.0000 17.4853 -312.0000
v 120.0000 15.4800 -288.0000
v 120.0000 13.4994 -264.0000
v 120.0000 11.5495 -240.0000
v 120.0000 9.6386 -216.0000
v 120.0000 7.7774 -192.0000
v 120.0000 5.9810 -168.0000
v 120.0000 4.2701 -144.0000
v 120.0000 2.6735 -120.0000
v 120.0000 1.2307 -96.0000
v 120.0000 0.0000 -72.0000
v 120.0000 0.0000 -48.0000
v 120.0000 0.0000 -24.0000
v 120.0000 0.0000 0.0000
v 120.0000 0.0000 24.0000
v 120.0000 0.0000 48.0000
v 120.0000 0.0000 72.0000
v 120.0000 1.2307 96.0000
v 120.0000 2.6735 120.0000
v 120.0000 4.2701 144.0000
v 120.0000 5.9810 168.0000
v 120.0000 7.7774 192.0000
v 120.0000 9.6386 216.0000
v 120.0000 11.5495 240.0000
v 120.0000 13.4994 264.0000
v 120.0000 15.4800 288.0000
v 120.0000 17.4853 312.0000
v 120.0000 19.5107 336.0000
v 120.0000 21.5526 360.0000
v 144.0000 22.2959 -360.0000
v 144.0000 20.3001 -336.0000
v 144.0000 18.3265 -312.0000
v 144.0000 16.3794 -288.0000
v 144.0000 14.4647 -264.0000
v 144.0000 12.5897 -240.0000
v 144.0000 10.7640 -216.0000
v 144.0000 9.0000 -192.0000
v 144.0000 7.3142 -168.0000
v 144.0000 5.7282 -144.0000
v 144.0000 4.2701 -120.0000
v 144.0000 2.9760 -96.0000
v 144.0000 1.8897 -72.0000
v 144.0000 1.0610 -48.0000
v 144.0000 0.5388 -24.0000
v 144.0000 0.3600 0.0000
v 144.0000 0.5388 24.0000
v 144.0000 1.0610 48.0000
v 144.0000 1.8897 72.0000
v 144.0000 2.9760 96.0000
v 144.0000 4.2701 120.0000
v 144.0000 5.7282 144.0000
v 144.0000 7.3142 168.0000
v 144.0000 9.0000 192.0000
v 144.0000 10.7640 216.0000
v 144.0000 12.5897 240.0000
v 144.0000 14.4647 264.0000
v 144.0000 16.3794 288.0000
v 144.0000 18.3265 312.0000
v 144.0000 20.3001 336.0000
v 144.0000 22.2959 360.0000
v 168.0000 23.1544 -360.0000
v 168.0000 21.2093 -336.0000
v 168.0000 19.2920 -312.0000
v 168.0000 17.4077 -288.0000
v 168.0000 15.5630 -264.0000
v 168.0000 13.7662 -240.0000
v 168.0000 12.0278 -216.0000
v 168.0000 10.3611 -192.0000
v 168.0000 8.7829 -168.0000
v 168.0000 7.3142 -144.0000
v 168.0000 5.9810 -120.0000
v 168.0000 4.8145 -96.0000
v 168.0000 3.8501 -72.0000
v 168.0000 3.1250 -48.0000
v 168.0000 2.6735 -24.0000
v 168.0000 2.5200 0.0000
v 168.0000 2.6735 24.0000
v 168.0000 3.1250 48.0000
v 168.0000 3.8501 72.0000
v 168.0000 4.8145 96.0000
v 168.0000 5.9810 120.0000
v 168.0000 7.3142 144.0000
v 168.0000 8.7829 168.0000
v 168.0000 10.3611 192.0000
v 168.0000 12.0278 216.0000
v 168.0000 13.7662 240.0000
v 168.0000 15.5630 264.0000
v 168.0000 17.4077 288.0000
v 168.0000 19.2920 312.0000
v 168.0000 21.2093 336.0000
v 168.0000 23.1544 360.0000
v 192.0000 24.1200 -360.0000
v 192.0000 22.2290 -336.0000
v 192.0000 20.3710 -312.0000
v 192.0000 18.5520 -288.0000
v 192.0000 16.7792 -264.0000
v 192.0000 15.0615 -240.0000
v 192.0000 13.4098 -216.0000
v 192.0000 11.8376 -192.0000
v 192.0000 10.3611 -168.0000
v 192.0000 9.0000 -144.0000
v 192.0000 7.7774 -120.0000
v 192.0000 6.7196 -96.0000
v 192.0000 5.8550 -72.0000
v 192.0000 5.2118 -48.0000
v 192.0000 4.8145 -24.0000
v 192.0000 4.6800 0.0000
v 192.0000 4.8145 24.0000
v 192.0000 5.2118 48.0000
v 192.0000 5.8550 72.0000
v 192.0000 6.7196 96.0000
v 192.0000 7.7774 120.0000
v 192.0000 9.0000 144.0000
v 192.0000 10.3611 168.0000
v 192.0000 11.8376 192.0000
v 192.0000 13.4098 216.0000
v 192.0000 15.0615 240.0000
v 192.0000 16.7792 264.0000
v 192.0000 18.5520 288.0000
v 192.0000 20.3710 312.0000
v 192.0000 22.2290 336.0000
v 192.0000 24.1200 360.0000
v 216.0000 25.0000 -360.0000
v 216.0000 23.3496 -336.0000
v 216.0000 21.5526 -312.0000
v 216.0000 19.8000 -288.0000
v 216.0000 18.0994 -264.0000
v 216.0000 16.4598 -240.0000
v 216.0000 14.8923 -216.0000
v 216.0000 13.4098 -192.0000
v 216.0000 12.0278 -168.0000
v 216.0000 10.7640 -144.0000
v 216.0000 9.6386 -120.0000
v 216.0000 8.6735 -96.0000
v 216.0000 7.8916 -72.0000
v 216.0000 7.3142 -48.0000
v 216.0000 6.9596 -24.0000
v 216.0000 6.8400 0.0000
v 216.0000 6.9596 24.0000
v 216.0000 7.3142 48.0000
v 216.0000 7.8916 72.0000
v 216.0000 8.6735 96.0000
v 216.0000 9.6386 120.0000
v 216.0000 10.7640 144.0000
v 216.0000 12.0278 168.0000
v 216.0000 13.4098 192.0000
v 216.0000 14.8923 216.0000
v 216.0000 16.4598 240.0000
v 216.0000 18.0994 264.0000
v 216.0000 19.8000 288.0000
v 216.0000 21.5526 312.0000
v 216.0000 23.3496 336.0000
v 216.0000 25.0000 360.0000
v 240.0000 25.0000 -360.0000
v 240.0000 24.5620 -336.0000
v 240.0000 22.8266 -312.0000
v 240.0000 21.1403 -288.0000
v 240.0000 19.5107 -264.0000
v 240.0000 17.9470 -240.0000
v 240.0000 16.4598 -216.0000
v 240.0000 15.0615 -192.0000
v 240.0000 13.7662 -168.0000
v 240.0000 12.5897 -144.0000
v 240.0000 11.5495 -120.0000
v 240.0000 10.6639 -96.0000
v 240.0000 9.9511 -72.0000
v 240.0000 9.4278 -48.0000
v 240.0000 9.1077 -24.0000
v 240.0000 9.0000 0.0000
v 240.0000 9.1077 24.0000
v 240.0000 9.4278 48.0000
v 240.0000 9.9511 72.0000
v 240.0000 10.6639 96.0000
v 240.0000 11.5495 120.0000
v 240.0000 12.5897 144.0000
v 240.0000 13.7662 168.0000
v 240.0000 15.0615 192.0000
v 240.0000 16.4598 216.0000
v 240.0000 17.9470 240.0000
v 240.0000 19.5107 264.0000
v 240.0000 21.1403 288.0000
v 240.0000 22.8266 312.0000
v 240.0000 24.5620 336.0000
v 240.0000 25.0000 360.0000
v 264.0000 25.0000 -360.0000
v 264.0000 25.0000 -336.0000
v 264.0000 24.1835 -312.0000
v 264.0000 22.5623 -288.0000
v 264.0000 21.0017 -264.0000
v 264.0000 19.5107 -240.0000
v 264.0000 18.0994 -216.0000
v 264.0000 16.7792 -192.0000
v 264.0000 15.5630 -168.0000
v 264.0000 14.4647 -144.0000
v 264.0000 13.4994 -120.0000
v 264.0000 12.6822 -96.0000
v 264.0000 12.0278 -72.0000
v 264.0000 11.5495 -48.0000
v 264.0000 11.2580 -24.0000
v 264.0000 11.1600 0.0000
v 264.0000 11.2580 24.0000
v 264.0000 11.5495 48.0000
v 264.0000 12.0278 72.0000
v 264.0000 12.6822 96.0000
v 264.0000 13.4994 120.0000
v 264.0000 14.4647 144.0000
v 264.0000 15.5630 168.0000
v 264.0000 16.7792 192.0000
v 264.0000 18.0994 216.0000
v 264.0000 19.5107 240.0000
v 264.0000 21.0017 264.0000
v 264.0000 22.5623 288.0000
v 264.0000 24.1835 312.0000
v 264.0000 25.0000 336.0000
v 264.0000 25.0000 360.0000
v 288.0000 25.0000 -360.0000
v 288.0000 25.0000 -336.0000
v 288.0000 25.0000 -312.0000
v 288.0000 24.0564 -288.0000
v 288.0000 22.5623 -264.0000
v 288.0000 21.1403 -240.0000
v 288.0000 19.8000 -216.0000
v 288.0000 18.5520 -192.0000
v 288.0000 17.4077 -168.0000
v 288.0000 16.3794 -144.0000
v 288.0000 15.4800 -120.0000
v 288.0000 14.7221 -96.0000
v 288.0000 14.1177 -72.0000
v 288.0000 13.6775 -48.0000
v 288.0000 13.4098 -24.0000
v 288.0000 13.3200 0.0000
v 288.0000 13.4098 24.0000
v 288.0000 13.6775 48.0000
v 288.0000 14.1177 72.0000
v 288.0000 14.7221 96.0000
v 288.0000 15.4800 120.0000
v 288.0000 16.3794 144.0000
v 288.0000 17.4077 168.0000
v 288.0000 18.5520 192.0000
v 288.0000 19.8000 216.0000
v 288.0000 21.1403 240.0000
v 288.0000 22.5623 264.0000
v 288.0000 24.0564 288.0000
v 288.0000 25.0000 312.0000
v 288.0000 25.0000 336.0000
v 288.0000 25.0000 360.0000
v 312.0000 25.0000 -360.0000
v 312.0000 25.0000 -336.0000
v 312.0000 25.0000 -312.0000
v 312.0000 25.0000 -288.0000
v 312.0000 24.1835 -264.0000
v 312.0000 22.8266 -240.0000
v 312.0000 21.5526 -216.0000
v 312.0000 20.3710 -192.0000
v 312.0000 19.2920 -168.0000
v 312.0000 18.3265 -144.0000
v 312.0000 17.4853 -120.0000
v 312.0000 16.7792 -96.0000
v 312.0000 16.2180 -72.0000
v 312.0000 15.8104 -48.0000
v 312.0000 15.5630 -24.0000
v 312.0000 15.4800 0.0000
v 312.0000 15.5630 24.0000
v 312.0000 15.8104 48.0000
v 312.0000 16.2180 72.0000
v 312.0000 16.7792 96.0000
v 312.0000 17.4853 120.0000
v 312.0000 18.3265 144.0000
v 312.0000 19.2920 168.0000
v 312.0000 20.3710 192.0000
v 312.0000 21.5526 216.0000
v 312.0000 22.8266 240.0000
v 312.0000 24.1835 264.0000
v 312.0000 25.0000 288.0000
v 312.0000 25.0000 312.0000
v 312.0000 25.0000 336.0000
v 312.0000 25.0000 360.0000
v 336.0000 25.0000 -360.0000
v 336.0000 25.0000 -336.0000
v 336.0000 25.0000 -312.0000
v 336.0000 25.0000 -288.0000
v 336.0000 25.0000 -264.0000
v 336.0000 24.5620 -240.0000
v 336.0000 23.3496 -216.0000
v 336.0000 22.2290 -192.0000
v 336.0000 21.2093 -168.0000
v 336.0000 20.3001 -144.0000
v 336.0000 19.5107 -120.0000
v 336.0000 18.8501 -96.0000
v 336.0000 18.3265 -72.0000
v 336.0000 17.9470 -48.0000
v 336.0000 17.7170 -24.0000
v 336.0000 17.6400 0.0000
v 336.0000 17.7170 24.0000
v 336.0000 17.9470 48.0000
v 336.0000 18.3265 72.0000
v 336.0000 18.8501 96.0000
v 336.0000 19.5107 120.0000
v 336.0000 20.3001 144.0000
v 336.0000 21.2093 168.0000
v 336.0000 22.2290 192.0000
v 336.0000 23.3496 216.0000
v 336.0000 24.5620 240.0000
v 336.0000 25.0000 264.0000
v 336.0000 25.0000 288.0000
v 336.0000 25.0000 312.0000
v 336.0000 25.0000 336.0000
v 336.0000 25.0000 360.0000
v 360.0000 25.0000 -360.0000
v 360.0000 25.0000 -336.0000
v 360.0000 25.0000 -312.0000
v 360.0000 25.0000 -288.0000
v 360.0000 25.0000 -264.0000
v 360.0000 25.0000 -240.0000
v 360.0000 25.0000 -216.0000
v 360.0000 24.1200 -192.0000
v 360.0000 23.1544 -168.0000
v 360.0000 22.2959 -144.0000
v 360.0000 21.5526 -120.0000
v 360.0000 20.9322 -96.0000
v 360.0000 20.4416 -72.0000
v 360.0000 20.0867 -48.0000
v 360.0000 19.8719 -24.0000
v 360.0000 19.8000 0.0000
v 360.0000 19.8719 24.0000
v 360.0000 20.0867 48.0000
v 360.0000 20.4416 72.0000
v 360.0000 20.9322 96.0000
v 360.0000 21.5526 120.0000
v 360.0000 22.2959 144.0000
v 360.0000 23.1544 168.0000
v 360.0000 24.1200 192.0000
v 360.0000 25.0000 216.0000
v 360.0000 25.0000 240.0000
v 360.0000 25.0000 264.0000
v 360.0000 25.0000 288.0000
v 360.0000 25.0000 312.0000
v 360.0000 25.0000 336.0000
v 360.0000 25.0000 360.0000
v -260.0000 0.0400 -24.0000
v -240.0000 0.0400 -24.0000
v -240.0000 0.0400 -8.0000
v -260.0000 0.0400 -8.0000
v -240.0000 0.0400 -24.0000
v -220.0000 0.0400 -24.0000
v -220.0000 0.0400 -8.0000
v -240.0000 0.0400 -8.0000
v -220.0000 0.0400 -24.0000
v -200.0000 0.0400 -24.0000
v -200.0000 0.0400 -8.0000
v -220.0000 0.0400 -8.0000
v -200.0000 0.0400 -24.0000
v -180.0000 0.0400 -24.0000
v -180.0000 0.0400 -8.0000
v -200.0000 0.0400 -8.0000
v -180.0000 0.0400 -24.0000
v -160.0000 0.0400 -24.0000
v -160.0000 0.0400 -8.0000
v -180.0000 0.0400 -8.0000
v -160.0000 0.0400 -24.0000
v -140.0000 0.0400 -24.0000
v -140.0000 0.0400 -8.0000
v -160.0000 0.0400 -8.0000
v -140.0000 0.0400 -24.0000
v -120.0000 0.0400 -24.0000
v -120.0000 0.0400 -8.0000
v -140.0000 0.0400 -8.0000
v -120.0000 0.0400 -24.0000
v -100.0000 0.0400 -24.0000
v -100.0000 0.0400 -8.0000
v -120.0000 0.0400 -8.0000
v -100.0000 0.0400 -24.0000
v -80.0000 0.0400 -24.0000
v -80.0000 0.0400 -8.0000
v -100.0000 0.0400 -8.0000
v -80.0000 0.0400 -24.0000
v -60.0000 0.0400 -24.0000
v -60.0000 0.0400 -8.0000
v -80.0000 0.0400 -8.0000
v -60.0000 0.0400 -24.0000
v -40.0000 0.0400 -24.0000
v -40.0000 0.0400 -8.0000
v -60.0000 0.0400 -8.0000
v -40.0000 0.0400 -24.0000
v -20.0000 0.0400 -24.0000
v -20.0000 0.0400 -8.0000
v -40.0000 0.0400 -8.0000
v -20.0000 0.0400 -24.0000
v 0.0000 0.0400 -24.0000
v 0.0000 0.0400 -8.0000
v -20.0000 0.0400 -8.0000
v 0.0000 0.0400 -24.0000
v 20.0000 0.0400 -24.0000
v 20.0000 0.0400 -8.0000
v 0.0000 0.0400 -8.0000
v 20.0000 0.0400 -24.0000
v 40.0000 0.0400 -24.0000
v 40.0000 0.0400 -8.0000
v 20.0000 0.0400 -8.0000
v 40.0000 0.0400 -24.0000
v 60.0000 0.0400 -24.0000
v 60.0000 0.0400 -8.0000
v 40.0000 0.0400 -8.0000
v 60.0000 0.0400 -24.0000
v 80.0000 0.0400 -24.0000
v 80.0000 0.0400 -8.0000
v 60.0000 0.0400 -8.0000
v 80.0000 0.0400 -24.0000
v 100.0000 0.0400 -24.0000
v 100.0000 0.0400 -8.0000
v 80.0000 0.0400 -8.0000
v 100.0000 0.0400 -24.0000
v 120.0000 0.0400 -24.0000
v 120.0000 0.0400 -8.0000
v 100.0000 0.0400 -8.0000
v 120.0000 0.0400 -24.0000
v 140.0000 0.0400 -24.0000
v 140.0000 0.0400 -8.0000
v 120.0000 0.0400 -8.0000
v 140.0000 0.0400 -24.0000
v 160.0000 0.0400 -24.0000
v 160.0000 0.0400 -8.0000
v 140.0000 0.0400 -8.0000
v 160.0000 0.0400 -24.0000
v 180.0000 0.0400 -24.0000
v 180.0000 0.0400 -8.0000
v 160.0000 0.0400 -8.0000
v 180.0000 0.0400 -24.0000
v 200.0000 0.0400 -24.0000
v 200.0000 0.0400 -8.0000
v 180.0000 0.0400 -8.0000
v 200.0000 0.0400 -24.0000
v 220.0000 0.0400 -24.0000
v 220.0000 0.0400 -8.0000
v 200.0000 0.0400 -8.0000
v 220.0000 0.0400 -24.0000
v 240.0000 0.0400 -24.0000
v 240.0000 0.0400 -8.0000
v 220.0000 0.0400 -8.0000
v 240.0000 0.0400 -24.0000
v 260.0000 0.0400 -24.0000
v 260.0000 0.0400 -8.0000
v 240.0000 0.0400 -8.0000
v -260.0000 0.2400 -32.0000
v -240.0000 0.2400 -32.0000
v -240.0000 0.2400 -24.0000
v -260.0000 0.2400 -24.0000
v -260.0000 0.0400 -24.0000
v -240.0000 0.0400 -24.0000
v -260.0000 0.2400 -8.0000
v -240.0000 0.2400 -8.0000
v -240.0000 0.2400 0.0000
v -260.0000 0.2400 0.0000
v -260.0000 0.0400 -8.0000
v -240.0000 0.0400 -8.0000
v -240.0000 0.2400 -32.0000
v -220.0000 0.2400 -32.0000
v -220.0000 0.2400 -24.0000
v -240.0000 0.2400 -24.0000
v -240.0000 0.0400 -24.0000
v -220.0000 0.0400 -24.0000
v -240.0000 0.2400 -8.0000
v -220.0000 0.2400 -8.0000
v -220.0000 0.2400 0.0000
v -240.0000 0.2400 0.0000
v -240.0000 0.0400 -8.0000
v -220.0000 0.0400 -8.0000
v -220.0000 0.2400 -32.0000
v -200.0000 0.2400 -32.0000
v -200.0000 0.2400 -24.0000
v -220.0000 0.2400 -24.0000
v -220.0000 0.0400 -24.0000
v -200.0000 0.0400 -24.0000
v -220.0000 0.2400 -8.0000
v -200.0000 0.2400 -8.0000
v -200.0000 0.2400 0.0000
v -220.0000 0.2400 0.0000
v -220.0000 0.0400 -8.0000
v -200.0000 0.0400 -8.0000
v -200.0000 0.2400 -32.0000
v -180.0000 0.2400 -32.0000
v -180.0000 0.2400 -24.0000
v -200.0000 0.2400 -24.0000
v -200.0000 0.0400 -24.0000
v -180.0000 0.0400 -24.0000
v -200.0000 0.2400 -8.0000
v -180.0000 0.2400 -8.0000
v -180.0000 0.2400 0.0000
v -200.0000 0.2400 0.0000
v -200.0000 0.0400 -8.0000
v -180.0000 0.0400 -8.0000
v -180.0000 0.2400 -32.0000
v -160.0000 0.2400 -32.0000
v -160.0000 0.2400 -24.0000
v -180.0000 0.2400 -24.0000
v -180.0000 0.0400 -24.0000
v -160.0000 0.0400 -24.0000
v -180.0000 0.2400 -8.0000
v -160.0000 0.2400 -8.0000
v -160.0000 0.2400 0.0000
v -180.0000 0.2400 0.0000
v -180.0000 0.0400 -8.0000
v -160.0000 0.0400 -8.0000
v -160.0000 0.2400 -32.0000
v -140.0000 0.2400 -32.0000
v -140.0000 0.2400 -24.0000
v -160.0000 0.2400 -24.0000
v -160.0000 0.0400 -24.0000
v -140.0000 0.0400 -24.0000
v -160.0000 0.2400 -8.0000
v -140.0000 0.2400 -8.0000
v -140.0000 0.2400 0.0000
v -160.0000 0.2400 0.0000
v -160.0000 0.0400 -8.0000
v -140.0000 0.0400 -8.0000
v -140.0000 0.2400 -32.0000
v -120.0000 0.2400 -32.0000
v -120.0000 0.2400 -24.0000
v -140.0000 0.2400 -24.0000
v -140.0000 0.0400 -24.0000
v -120.0000 0.0400 -24.0000
v -140.0000 0.2400 -8.0000
v -120.0000 0.2400 -8.0000
v -120.0000 0.2400 0.0000
v -140.0000 0.2400 0.0000
v -140.0000 0.0400 -8.0000
v -120.0000 0.0400 -8.0000
v -120.0000 0.2400 -32.0000
v -100.0000 0.2400 -32.0000
v -100.0000 0.2400 -24.0000
v -120.0000 0.2400 -24.0000
v -120.0000 0.0400 -24.0000
v -100.0000 0.0400 -24.0000
v -120.0000 0.2400 -8.0000
v -100.0000 0.2400 -8.0000
v -100.0000 0.2400 0.0000
v -120.0000 0.2400 0.0000
v -120.0000 0.0400 -8.0000
v -100.0000 0.0400 -8.0000
v -100.0000 0.2400 -32.0000
v -80.0000 0.2400 -32.0000
v -80.0000 0.2400 -24.0000
v -100.0000 0.2400 -24.0000
v -100.0000 0.0400 -24.0000
v -80.0000 0.0400 -24.0000
v -100.0000 0.2400 -8.0000
v -80.0000 0.2400 -8.0000
v -80.0000 0.2400 0.0000
v -100.0000 0.2400 0.0000
v -100.0000 0.0400 -8.0000
v -80.0000 0.0400 -8.0000
v -80.0000 0.2400 -32.0000
v -60.0000 0.2400 -32.0000
v -60.0000 0.2400 -24.0000
v -80.0000 0.2400 -24.0000
v -80.0000 0.0400 -24.0000
v -60.0000 0.0400 -24.0000
v -80.0000 0.2400 -8.0000
v -60.0000 0.2400 -8.0000
v -60.0000 0.2400 0.0000
v -80.0000 0.2400 0.0000
v -80.0000 0.0400 -8.0000
v -60.0000 0.0400 -8.0000
v -60.0000 0.2400 -32.0000
v -40.0000 0.2400 -32.0000
v -40.0000 0.2400 -24.0000
v -60.0000 0.2400 -24.0000
v -60.0000 0.0400 -24.0000
v -40.0000 0.0400 -24.0000
v -60.0000 0.2400 -8.0000
v -40.0000 0.2400 -8.0000
v -40.0000 0.2400 0.0000
v -60.0000 0.2400 0.0000
v -60.0000 0.0400 -8.0000
v -40.0000 0.0400 -8.0000
v -40.0000 0.2400 -32.0000
v -20.0000 0.2400 -32.0000
v -20.0000 0.2400 -24.0000
v -40.0000 0.2400 -24.0000
v -40.0000 0.0400 -24.0000
v -20.0000 0.0400 -24.0000
v -40.0000 0.2400 -8.0000
v -20.0000 0.2400 -8.0000
v -20.0000 0.2400 0.0000
v -40.0000 0.2400 0.0000
v -40.0000 0.0400 -8.0000
v -20.0000 0.0400 -8.0000
v -20.0000 0.2400 -32.0000
v 0.0000 0.2400 -32.0000
v 0.0000 0.2400 -24.0000
v -20.0000 0.2400 -24.0000
v -20.0000 0.0400 -24.0000
v 0.0000 0.0400 -24.0000
v -20.0000 0.2400 -8.0000
v 0.0000 0.2400 -8.0000
v 0.0000 0.2400 0.0000
v -20.0000 0.2400 0.0000
v -20.0000 0.0400 -8.0000
v 0.0000 0.0400 -8.0000
v 0.0000 0.2400 -32.0000
v 20.0000 0.2400 -32.0000
v 20.0000 0.2400 -24.0000
v 0.0000 0.2400 -24.0000
v 0.0000 0.0400 -24.0000
v 20.0000 0.0400 -24.0000
v 0.0000 0.2400 -8.0000
v 20.0000 0.2400 -8.0000
v 20.0000 0.2400 0.0000
v 0.0000 0.2400 0.0000
v 0.0000 0.0400 -8.0000
v 20.0000 0.0400 -8.0000
v 20.0000 0.2400 -32.0000
v 40.0000 0.2400 -32.0000
v 40.0000 0.2400 -24.0000
v 20.0000 0.2400 -24.0000
v 20.0000 0.0400 -24.0000
v 40.0000 0.0400 -24.0000
v 20.0000 0.2400 -8.0000
v 40.0000 0.2400 -8.0000
v 40.0000 0.2400 0.0000
v 20.0000 0.2400 0.0000
v 20.0000 0.0400 -8.0000
v 40.0000 0.0400 -8.0000
v 40.0000 0.2400 -32.0000
v 60.0000 0.2400 -32.0000
v 60.0000 0.2400 -24.0000
v 40.0000 0.2400 -24.0000
v 40.0000 0.0400 -24.0000
v 60.0000 0.0400 -24.0000
v 40.0000 0.2400 -8.0000
v 60.0000 0.2400 -8.0000
v 60.0000 0.2400 0.0000
v 40.0000 0.2400 0.0000
v 40.0000 0.0400 -8.0000
v 60.0000 0.0400 -8.0000
v 60.0000 0.2400 -32.0000
v 80.0000 0.2400 -32.0000
v 80.0000 0.2400 -24.0000
v 60.0000 0.2400 -24.0000
v 60.0000 0.0400 -24.0000
v 80.0000 0.0400 -24.0000
v 60.0000 0.2400 -8.0000
v 80.0000 0.2400 -8.0000
v 80.0000 0.2400 0.0000
v 60.0000 0.2400 0.0000
v 60.0000 0.0400 -8.0000
v 80.0000 0.0400 -8.0000
v 80.0000 0.2400 -32.0000
v 100.0000 0.2400 -32.0000
v 100.0000 0.2400 -24.0000
v 80.0000 0.2400 -24.0000
v 80.0000 0.0400 -24.0000
v 100.0000 0.0400 -24.0000
v 80.0000 0.2400 -8.0000
v 100.0000 0.2400 -8.0000
v 100.0000 0.2400 0.0000
v 80.0000 0.2400 0.0000
v 80.0000 0.0400 -8.0000
v 100.0000 0.0400 -8.0000
v 100.0000 0.2400 -32.0000
v 120.0000 0.2400 -32.0000
v 120.0000 0.2400 -24.0000
v 100.0000 0.2400 -24.0000
v 100.0000 0.0400 -24.0000
v 120.0000 0.0400 -24.0000
v 100.0000 0.2400 -8.0000
v 120.0000 0.2400 -8.0000
v 120.0000 0.2400 0.0000
v 100.0000 0.2400 0.0000
v 100.0000 0.0400 -8.0000
v 120.0000 0.0400 -8.0000
v 120.0000 0.2400 -32.0000
v 140.0000 0.2400 -32.0000
v 140.0000 0.2400 -24.0000
v 120.0000 0.2400 -24.0000
v 120.0000 0.0400 -24.0000
v 140.0000 0.0400 -24.0000
v 120.0000 0.2400 -8.0000
v 140.0000 0.2400 -8.0000
v 140.0000 0.2400 0.0000
v 120.0000 0.2400 0.0000
v 120.0000 0.0400 -8.0000
v 140.0000 0.0400 -8.0000
v 140.0000 0.2400 -32.0000
v 160.0000 0.2400 -32.0000
v 160.0000 0.2400 -24.0000
v 140.0000 0.2400 -24.0000
v 140.0000 0.0400 -24.0000
v 160.0000 0.0400 -24.0000
v 140.0000 0.2400 -8.0000
v 160.0000 0.2400 -8.0000
v 160.0000 0.2400 0.0000
v 140.0000 0.2400 0.0000
v 140.0000 0.0400 -8.0000
v 160.0000 0.0400 -8.0000
v 160.0000 0.2400 -32.0000
v 180.0000 0.2400 -32.0000
v 180.0000 0.2400 -24.0000
v 160.0000 0.2400 -24.0000
v 160.0000 0.0400 -24.0000
v 180.0000 0.0400 -24.0000
v 160.0000 0.2400 -8.0000
v 180.0000 0.2400 -8.0000
v 180.0000 0.2400 0.0000
v 160.0000 0.2400 0.0000
v 160.0000 0.0400 -8.0000
v 180.0000 0.0400 -8.0000
v 180.0000 0.2400 -32.0000
v 200.0000 0.2400 -32.0000
v 200.0000 0.2400 -24.0000
v 180.0000 0.2400 -24.0000
v 180.0000 0.0400 -24.0000
v 200.0000 0.0400 -24.0000
v 180.0000 0.2400 -8.0000
v 200.0000 0.2400 -8.0000
v 200.0000 0.2400 0.0000
v 180.0000 0.2400 0.0000
v 180.0000 0.0400 -8.0000
v 200.0000 0.0400 -8.0000
v 200.0000 0.2400 -32.0000
v 220.0000 0.2400 -32.0000
v 220.0000 0.2400 -24.0000
v 200.0000 0.2400 -24.0000
v 200.0000 0.0400 -24.0000
v 220.0000 0.0400 -24.0000
v 200.0000 0.2400 -8.0000
v 220.0000 0.2400 -8.0000
v 220.0000 0.2400 0.0000
v 200.0000 0.2400 0.0000
v 200.0000 0.0400 -8.0000
v 220.0000 0.0400 -8.0000
v 220.0000 0.2400 -32.0000
v 240.0000 0.2400 -32.0000
v 240.0000 0.2400 -24.0000
v 220.0000 0.2400 -24.0000
v 220.0000 0.0400 -24.0000
v 240.0000 0.0400 -24.0000
v 220.0000 0.2400 -8.0000
v 240.0000 0.2400 -8.0000
v 240.0000 0.2400 0.0000
v 220.0000 0.2400 0.0000
v 220.0000 0.0400 -8.0000
v 240.0000 0.0400 -8.0000
v 240.0000 0.2400 -32.0000
v 260.0000 0.2400 -32.0000
v 260.0000 0.2400 -24.0000
v 240.0000 0.2400 -24.0000
v 240.0000 0.0400 -24.0000
v 260.0000 0.0400 -24.0000
v 240.0000 0.2400 -8.0000
v 260.0000 0.2400 -8.0000
v 260.0000 0.2400 0.0000
v 240.0000 0.2400 0.0000
v 240.0000 0.0400 -8.0000
v 260.0000 0.0400 -8.0000
v -110.0000 0.2600 0.0000
v 110.0000 0.2600 0.0000
v 110.0000 0.2600 70.0000
v -110.0000 0.2600 70.0000
v -80.0000 0.2900 10.0000
v -30.0000 0.2900 10.0000
v -30.0000 0.2900 25.0000
v -80.0000 0.2900 25.0000
v 30.0000 0.2900 10.0000
v 80.0000 0.2900 10.0000
v 80.0000 0.2900 25.0000
v 30.0000 0.2900 25.0000
v -80.0000 0.2900 45.0000
v -30.0000 0.2900 45.0000
v -30.0000 0.2900 60.0000
v -80.0000 0.2900 60.0000
v 30.0000 0.2900 45.0000
v 80.0000 0.2900 45.0000
v 80.0000 0.2900 60.0000
v 30.0000 0.2900 60.0000
v -12.0000 0.2800 0.0000
v 12.0000 0.2800 0.0000
v 12.0000 0.2800 70.0000
v -12.0000 0.2800 70.0000
v -110.0000 0.2800 30.0000
v 110.0000 0.2800 30.0000
v 110.0000 0.2800 40.0000
v -110.0000 0.2800 40.0000
v -6.0000 0.2800 29.0000
v 6.0000 0.2800 29.0000
v 6.0000 0.2800 41.0000
v -6.0000 0.2800 41.0000
v -6.0000 1.7800 29.0000
v 6.0000 1.7800 29.0000
v 6.0000 1.7800 41.0000
v -6.0000 1.7800 41.0000
v -6.5000 1.7800 28.5000
v 6.5000 1.7800 28.5000
v 6.5000 1.7800 41.5000
v -6.5000 1.7800 41.5000
v -6.5000 5.2800 28.5000
v 6.5000 5.2800 28.5000
v 6.5000 5.2800 41.5000
v -6.5000 5.2800 41.5000
v -54.0000 0.2800 31.0000
v -46.0000 0.2800 31.0000
v -46.0000 0.2800 39.0000
v -54.0000 0.2800 39.0000
v -54.0000 1.4800 31.0000
v -46.0000 1.4800 31.0000
v -46.0000 1.4800 39.0000
v -54.0000 1.4800 39.0000
v 46.0000 0.2800 31.0000
v 54.0000 0.2800 31.0000
v 54.0000 0.2800 39.0000
v 46.0000 0.2800 39.0000
v 46.0000 1.4800 31.0000
v 54.0000 1.4800 31.0000
v 54.0000 1.4800 39.0000
v 46.0000 1.4800 39.0000
v -60.0000 1.5000 70.0000
v 60.0000 1.5000 70.0000
v 60.0000 1.5000 95.0000
v -60.0000 1.5000 95.0000
v -25.0000 0.3500 66.0000
v 25.0000 0.3500 66.0000
v 25.0000 0.3500 67.0000
v -25.0000 0.3500 67.0000
v -25.0000 0.7000 67.0000
v 25.0000 0.7000 67.0000
v 25.0000 0.7000 68.0000
v -25.0000 0.7000 68.0000
v -25.0000 1.0500 68.0000
v 25.0000 1.0500 68.0000
v 25.0000 1.0500 69.0000
v -25.0000 1.0500 69.0000
v -25.0000 1.4000 69.0000
v 25.0000 1.4000 69.0000
v 25.0000 1.4000 70.0000
v -25.0000 1.4000 70.0000
v -21.0000 1.5000 95.0000
v 21.0000 1.5000 95.0000
v 21.0000 1.5000 155.0000
v -21.0000 1.5000 155.0000
v -21.0000 27.5000 95.0000
v 21.0000 27.5000 95.0000
v 21.0000 27.5000 155.0000
v -21.0000 27.5000 155.0000
v -21.5000 1.5000 94.5000
v -10.5000 1.5000 94.5000
v -10.5000 1.5000 105.5000
v -21.5000 1.5000 105.5000
v -21.5000 43.5000 94.5000
v -10.5000 43.5000 94.5000
v -10.5000 43.5000 105.5000
v -21.5000 43.5000 105.5000
v 10.5000 1.5000 94.5000
v 21.5000 1.5000 94.5000
v 21.5000 1.5000 105.5000
v 10.5000 1.5000 105.5000
v 10.5000 43.5000 94.5000
v 21.5000 43.5000 94.5000
v 21.5000 43.5000 105.5000
v 10.5000 43.5000 105.5000
v -132.0000 0.2400 -57.0000
v -88.0000 0.2400 -57.0000
v -88.0000 0.2400 -33.0000
v -132.0000 0.2400 -33.0000
v -132.0000 18.2400 -57.0000
v -88.0000 18.2400 -57.0000
v -88.0000 18.2400 -33.0000
v -132.0000 18.2400 -33.0000
v -82.0000 0.2400 -57.0000
v -38.0000 0.2400 -57.0000
v -38.0000 0.2400 -33.0000
v -82.0000 0.2400 -33.0000
v -82.0000 16.2400 -57.0000
v -38.0000 16.2400 -57.0000
v -38.0000 16.2400 -33.0000
v -82.0000 16.2400 -33.0000
v -32.0000 0.2400 -57.0000
v 12.0000 0.2400 -57.0000
v 12.0000 0.2400 -33.0000
v -32.0000 0.2400 -33.0000
v -32.0000 20.2400 -57.0000
v 12.0000 20.2400 -57.0000
v 12.0000 20.2400 -33.0000
v -32.0000 20.2400 -33.0000
v 18.0000 0.2400 -57.0000
v 62.0000 0.2400 -57.0000
v 62.0000 0.2400 -33.0000
v 18.0000 0.2400 -33.0000
v 18.0000 17.2400 -57.0000
v 62.0000 17.2400 -57.0000
v 62.0000 17.2400 -33.0000
v 18.0000 17.2400 -33.0000
v 68.0000 0.2400 -57.0000
v 112.0000 0.2400 -57.0000
v 112.0000 0.2400 -33.0000
v 68.0000 0.2400 -33.0000
v 68.0000 14.2400 -57.0000
v 112.0000 14.2400 -57.0000
v 112.0000 14.2400 -33.0000
v 68.0000 14.2400 -33.0000
v 118.0000 0.2400 -57.0000
v 162.0000 0.2400 -57.0000
v 162.0000 0.2400 -33.0000
v 118.0000 0.2400 -33.0000
v 118.0000 14.2400 -57.0000
v 162.0000 14.2400 -57.0000
v 162.0000 14.2400 -33.0000
v 118.0000 14.2400 -33.0000
v 168.0000 0.2400 -57.0000
v 212.0000 0.2400 -57.0000
v 212.0000 0.2400 -33.0000
v 168.0000 0.2400 -33.0000
v 168.0000 22.2400 -57.0000
v 212.0000 22.2400 -57.0000
v 212.0000 22.2400 -33.0000
v 168.0000 22.2400 -33.0000
v -182.0000 0.2400 -57.0000
v -138.0000 0.2400 -57.0000
v -138.0000 0.2400 -33.0000
v -182.0000 0.2400 -33.0000
v -182.0000 15.2400 -57.0000
v -138.0000 15.2400 -57.0000
v -138.0000 15.2400 -33.0000
v -182.0000 15.2400 -33.0000
v -232.0000 0.2400 -57.0000
v -188.0000 0.2400 -57.0000
v -188.0000 0.2400 -33.0000
v -232.0000 0.2400 -33.0000
v -232.0000 15.2400 -57.0000
v -188.0000 15.2400 -57.0000
v -188.0000 15.2400 -33.0000
v -232.0000 15.2400 -33.0000
v 215.0000 2.0000 10.0000
v 265.0000 2.0000 10.0000
v 265.0000 2.0000 70.0000
v 215.0000 2.0000 70.0000
v 215.0000 34.0000 10.0000
v 265.0000 34.0000 10.0000
v 265.0000 34.0000 70.0000
v 215.0000 34.0000 70.0000
v 228.0000 34.0000 28.0000
v 252.0000 34.0000 28.0000
v 252.0000 34.0000 52.0000
v 228.0000 34.0000 52.0000
v 228.0000 50.0000 28.0000
v 252.0000 50.0000 28.0000
v 252.0000 50.0000 52.0000
v 228.0000 50.0000 52.0000
v 132.5000 1.0000 167.0000
v 187.5000 1.0000 167.0000
v 187.5000 1.0000 193.0000
v 132.5000 1.0000 193.0000
v 132.5000 17.0000 167.0000
v 187.5000 17.0000 167.0000
v 187.5000 17.0000 193.0000
v 132.5000 17.0000 193.0000
v -212.5000 1.0000 -140.0000
v -147.5000 1.0000 -140.0000
v -147.5000 1.0000 -100.0000
v -212.5000 1.0000 -100.0000
v -212.5000 25.0000 -140.0000
v -147.5000 25.0000 -140.0000
v -147.5000 25.0000 -100.0000
v -212.5000 25.0000 -100.0000
v -240.2000 0.2400 -25.2000
v -239.8000 0.2400 -25.2000
v -239.8000 0.2400 -24.8000
v -240.2000 0.2400 -24.8000
v -240.2000 6.2400 -25.2000
v -239.8000 6.2400 -25.2000
v -239.8000 6.2400 -24.8000
v -240.2000 6.2400 -24.8000
v -240.2000 0.2400 -7.2000
v -239.8000 0.2400 -7.2000
v -239.8000 0.2400 -6.8000
v -240.2000 0.2400 -6.8000
v -240.2000 6.2400 -7.2000
v -239.8000 6.2400 -7.2000
v -239.8000 6.2400 -6.8000
v -240.2000 6.2400 -6.8000
v -200.2000 0.2400 -25.2000
v -199.8000 0.2400 -25.2000
v -199.8000 0.2400 -24.8000
v -200.2000 0.2400 -24.8000
v -200.2000 6.2400 -25.2000
v -199.8000 6.2400 -25.2000
v -199.8000 6.2400 -24.8000
v -200.2000 6.2400 -24.8000
v -200.2000 0.2400 -7.2000
v -199.8000 0.2400 -7.2000
v -199.8000 0.2400 -6.8000
v -200.2000 0.2400 -6.8000
v -200.2000 6.2400 -7.2000
v -199.8000 6.2400 -7.2000
v -199.8000 6.2400 -6.8000
v -200.2000 6.2400 -6.8000
v -160.2000 0.2400 -25.2000
v -159.8000 0.2400 -25.2000
v -159.8000 0.2400 -24.8000
v -160.2000 0.2400 -24.8000
v -160.2000 6.2400 -25.2000
v -159.8000 6.2400 -25.2000
v -159.8000 6.2400 -24.8000
v -160.2000 6.2400 -24.8000
v -160.2000 0.2400 -7.2000
v -159.8000 0.2400 -7.2000
v -159.8000 0.2400 -6.8000
v -160.2000 0.2400 -6.8000
v -160.2000 6.2400 -7.2000
v -159.8000 6.2400 -7.2000
v -159.8000 6.2400 -6.8000
v -160.2000 6.2400 -6.8000
v -120.2000 0.2400 -25.2000
v -119.8000 0.2400 -25.2000
v -119.8000 0.2400 -24.8000
v -120.2000 0.2400 -24.8000
v -120.2000 6.2400 -25.2000
v -119.8000 6.2400 -25.2000
v -119.8000 6.2400 -24.8000
v -120.2000 6.2400 -24.8000
v -120.2000 0.2400 -7.2000
v -119.8000 0.2400 -7.2000
v -119.8000 0.2400 -6.8000
v -120.2000 0.2400 -6.8000
v -120.2000 6.2400 -7.2000
v -119.8000 6.2400 -7.2000
v -119.8000 6.2400 -6.8000
v -120.2000 6.2400 -6.8000
v -80.2000 0.2400 -25.2000
v -79.8000 0.2400 -25.2000
v -79.8000 0.2400 -24.8000
v -80.2000 0.2400 -24.8000
v -80.2000 6.2400 -25.2000
v -79.8000 6.2400 -25.2000
v -79.8000 6.2400 -24.8000
v -80.2000 6.2400 -24.8000
v -80.2000 0.2400 -7.2000
v -79.8000 0.2400 -7.2000
v -79.8000 0.2400 -6.8000
v -80.2000 0.2400 -6.8000
v -80.2000 6.2400 -7.2000
v -79.8000 6.2400 -7.2000
v -79.8000 6.2400 -6.8000
v -80.2000 6.2400 -6.8000
v -40.2000 0.2400 -25.2000
v -39.8000 0.2400 -25.2000
v -39.8000 0.2400 -24.8000
v -40.2000 0.2400 -24.8000
v -40.2000 6.2400 -25.2000
v -39.8000 6.2400 -25.2000
v -39.8000 6.2400 -24.8000
v -40.2000 6.2400 -24.8000
v -40.2000 0.2400 -7.2000
v -39.8000 0.2400 -7.2000
v -39.8000 0.2400 -6.8000
v -40.2000 0.2400 -6.8000
v -40.2000 6.2400 -7.2000
v -39.8000 6.2400 -7.2000
v -39.8000 6.2400 -6.8000
v -40.2000 6.2400 -6.8000
v -0.2000 0.2400 -25.2000
v 0.2000 0.2400 -25.2000
v 0.2000 0.2400 -24.8000
v -0.2000 0.2400 -24.8000
v -0.2000 6.2400 -25.2000
v 0.2000 6.2400 -25.2000
v 0.2000 6.2400 -24.8000
v -0.2000 6.2400 -24.8000
v -0.2000 0.2400 -7.2000
v 0.2000 0.2400 -7.2000
v 0.2000 0.2400 -6.8000
v -0.2000 0.2400 -6.8000
v -0.2000 6.2400 -7.2000
v 0.2000 6.2400 -7.2000
v 0.2000 6.2400 -6.8000
v -0.2000 6.2400 -6.8000
v 39.8000 0.2400 -25.2000
v 40.2000 0.2400 -25.2000
v 40.2000 0.2400 -24.8000
v 39.8000 0.2400 -24.8000
v 39.8000 6.2400 -25.2000
v 40.2000 6.2400 -25.2000
v 40.2000 6.2400 -24.8000
v 39.8000 6.2400 -24.8000
v 39.8000 0.2400 -7.2000
v 40.2000 0.2400 -7.2000
v 40.2000 0.2400 -6.8000
v 39.8000 0.2400 -6.8000
v 39.8000 6.2400 -7.2000
v 40.2000 6.2400 -7.2000
v 40.2000 6.2400 -6.8000
v 39.8000 6.2400 -6.8000
v 79.8000 0.2400 -25.2000
v 80.2000 0.2400 -25.2000
v 80.2000 0.2400 -24.8000
v 79.8000 0.2400 -24.8000
v 79.8000 6.2400 -25.2000
v 80.2000 6.2400 -25.2000
v 80.2000 6.2400 -24.8000
v 79.8000 6.2400 -24.8000
v 79.8000 0.2400 -7.2000
v 80.2000 0.2400 -7.2000
v 80.2000 0.2400 -6.8000
v 79.8000 0.2400 -6.8000
v 79.8000 6.2400 -7.2000
v 80.2000 6.2400 -7.2000
v 80.2000 6.2400 -6.8000
v 79.8000 6.2400 -6.8000
v 119.8000 0.2400 -25.2000
v 120.2000 0.2400 -25.2000
v 120.2000 0.2400 -24.8000
v 119.8000 0.2400 -24.8000
v 119.8000 6.2400 -25.2000
v 120.2000 6.2400 -25.2000
v 120.2000 6.2400 -24.8000
v 119.8000 6.2400 -24.8000
v 119.8000 0.2400 -7.2000
v 120.2000 0.2400 -7.2000
v 120.2000 0.2400 -6.8000
v 119.8000 0.2400 -6.8000
v 119.8000 6.2400 -7.2000
v 120.2000 6.2400 -7.2000
v 120.2000 6.2400 -6.8000
v 119.8000 6.2400 -6.8000
v 159.8000 0.2400 -25.2000
v 160.2000 0.2400 -25.2000
v 160.2000 0.2400 -24.8000
v 159.8000 0.2400 -24.8000
v 159.8000 6.2400 -25.2000
v 160.2000 6.2400 -25.2000
v 160.2000 6.2400 -24.8000
v 159.8000 6.2400 -24.8000
v 159.8000 0.2400 -7.2000
v 160.2000 0.2400 -7.2000
v 160.2000 0.2400 -6.8000
v 159.8000 0.2400 -6.8000
v 159.8000 6.2400 -7.2000
v 160.2000 6.2400 -7.2000
v 160.2000 6.2400 -6.8000
v 159.8000 6.2400 -6.8000
v 199.8000 0.2400 -25.2000
v 200.2000 0.2400 -25.2000
v 200.2000 0.2400 -24.8000
v 199.8000 0.2400 -24.8000
v 199.8000 6.2400 -25.2000
v 200.2000 6.2400 -25.2000
v 200.2000 6.2400 -24.8000
v 199.8000 6.2400 -24.8000
v 199.8000 0.2400 -7.2000
v 200.2000 0.2400 -7.2000
v 200.2000 0.2400 -6.8000
v 199.8000 0.2400 -6.8000
v 199.8000 6.2400 -7.2000
v 200.2000 6.2400 -7.2000
v 200.2000 6.2400 -6.8000
v 199.8000 6.2400 -6.8000
v 239.8000 0.2400 -25.2000
v 240.2000 0.2400 -25.2000
v 240.2000 0.2400 -24.8000
v 239.8000 0.2400 -24.8000
v 239.8000 6.2400 -25.2000
v 240.2000 6.2400 -25.2000
v 240.2000 6.2400 -24.8000
v 239.8000 6.2400 -24.8000
v 239.8000 0.2400 -7.2000
v 240.2000 0.2400 -7.2000
v 240.2000 0.2400 -6.8000
v 239.8000 0.2400 -6.8000
v 239.8000 6.2400 -7.2000
v 240.2000 6.2400 -7.2000
v 240.2000 6.2400 -6.8000
v 239.8000 6.2400 -6.8000

vt 0.0000 0.0000
vt 1.0000 0.0000
vt 1.0000 1.0000
vt 0.0000 1.0000
vt 1.0000 2.0000
vt 0.0000 2.0000
vt 1.0000 3.0000
vt 0.0000 3.0000
vt 1.0000 4.0000
vt 0.0000 4.0000
vt 1.0000 5.0000
vt 0.0000 5.0000
vt 1.0000 6.0000
vt 0.0000 6.0000
vt 1.0000 7.0000
vt 0.0000 7.0000
vt 1.0000 8.0000
vt 0.0000 8.0000
vt 1.0000 9.0000
vt 0.0000 9.0000
vt 1.0000 10.0000
vt 0.0000 10.0000
vt 1.0000 11.0000
vt 0.0000 11.0000
vt 1.0000 12.0000
vt 0.0000 12.0000
vt 1.0000 13.0000
vt 0.0000 13.0000
vt 1.0000 14.0000
vt 0.0000 14.0000
vt 1.0000 15.0000
vt 0.0000 15.0000
vt 1.0000 16.0000
vt 0.0000 16.0000
vt 1.0000 17.0000
vt 0.0000 17.0000
vt 1.0000 18.0000
vt 0.0000 18.0000
vt 1.0000 19.0000
vt 0.0000 19.0000
vt 1.0000 20.0000
vt 0.0000 20.0000
vt 1.0000 21.0000
vt 0.0000 21.0000
vt 1.0000 22.0000
vt 0.0000 22.0000
vt 1.0000 23.0000
vt 0.0000 23.0000
vt 1.0000 24.0000
vt 0.0000 24.0000
vt 1.0000 25.0000
vt 0.0000 25.0000
vt 1.0000 26.0000
vt 0.0000 26.0000
vt 1.0000 27.0000
vt 0.0000 27.0000
vt 1.0000 28.0000
vt 0.0000 28.0000
vt 1.0000 29.0000
vt 0.0000 29.0000
vt 1.0000 30.0000
vt 0.0000 30.0000
vt 2.0000 0.0000
vt 2.0000 1.0000
vt 2.0000 2.0000
vt 2.0000 3.0000
vt 2.0000 4.0000
vt 2.0000 5.0000
vt 2.0000 6.0000
vt 2.0000 7.0000
vt 2.0000 8.0000
vt 2.0000 9.0000
vt 2.0000 10.0000
vt 2.0000 11.0000
vt 2.0000 12.0000
vt 2.0000 13.0000
vt 2.0000 14.0000
vt 2.0000 15.0000
vt 2.0000 16.0000
vt 2.0000 17.0000
vt 2.0000 18.0000
vt 2.0000 19.0000
vt 2.0000 20.0000
vt 2.0000 21.0000
vt 2.0000 22.0000
vt 2.0000 23.0000
vt 2.0000 24.0000
vt 2.0000 25.0000
vt 2.0000 26.0000
vt 2.0000 27.0000
vt 2.0000 28.0000
vt 2.0000 29.0000
vt 2.0000 30.0000
vt 3.0000 0.0000
vt 3.0000 1.0000
vt 3.0000 2.0000
vt 3.0000 3.0000
vt 3.0000 4.0000
vt 3.0000 5.0000
vt 3.0000 6.0000
vt 3.0000 7.0000
vt 3.0000 8.0000
vt 3.0000 9.0000
vt 3.0000 10.0000
vt 3.0000 11.0000
vt 3.0000 12.0000
vt 3.0000 13.0000
vt 3.0000 14.0000
vt 3.0000 15.0000
vt 3.0000 16.0000
vt 3.0000 17.0000
vt 3.0000 18.0000
vt 3.0000 19.0000
vt 3.0000 20.0000
vt 3.0000 21.0000
vt 3.0000 22.0000
vt 3.0000 23.0000
vt 3.0000 24.0000
vt 3.0000 25.0000
vt 3.0000 26.0000
vt 3.0000 27.0000
vt 3.0000 28.0000
vt 3.0000 29.0000
vt 3.0000 30.0000
vt 4.0000 0.0000
vt 4.0000 1.0000
vt 4.0000 2.0000
vt 4.0000 3.0000
vt 4.0000 4.0000
vt 4.0000 5.0000
vt 4.0000 6.0000
vt 4.0000 7.0000
vt 4.0000 8.0000
vt 4.0000 9.0000
vt 4.0000 10.0000
vt 4.0000 11.0000
vt 4.0000 12.0000
vt 4.0000 13.0000
vt 4.0000 14.0000
vt 4.0000 15.0000
vt 4.0000 16.0000
vt 4.0000 17.0000
vt 4.0000 18.0000
vt 4.0000 19.0000
vt 4.0000 20.0000
vt 4.0000 21.0000
vt 4.0000 22.0000
vt 4.0000 23.0000
vt 4.0000 24.0000
vt 4.0000 25.0000
vt 4.0000 26.0000
vt 4.0000 27.0000
vt 4.0000 28.0000
vt 4.0000 29.0000
vt 4.0000 30.0000
vt 5.0000 0.0000
vt 5.0000 1.0000
vt 5.0000 2.0000
vt 5.0000 3.0000
vt 5.0000 4.0000
vt 5.0000 5.0000
vt 5.0000 6.0000
vt 5.0000 7.0000
vt 5.0000 8.0000
vt 5.0000 9.0000
vt 5.0000 10.0000
vt 5.0000 11.0000
vt 5.0000 12.0000
vt 5.0000 13.0000
vt 5.0000 14.0000
vt 5.0000 15.0000
vt 5.0000 16.0000
vt 5.0000 17.0000
vt 5.0000 18.0000
vt 5.0000 19.0000
vt 5.0000 20.0000
vt 5.0000 21.0000
vt 5.0000 22.0000
vt 5.0000 23.0000
vt 5.0000 24.0000
vt 5.0000 25.0000
vt 5.0000 26.0000
vt 5.0000 27.0000
vt 5.0000 28.0000
vt 5.0000 29.0000
vt 5.0000 30.0000
vt 6.0000 0.0000
vt 6.0000 1.0000
vt 6.0000 2.0000
vt 6.0000 3.0000
vt 6.0000 4.0000
vt 6.0000 5.0000
vt 6.0000 6.0000
vt 6.0000 7.0000
vt 6.0000 8.0000
vt 6.0000 9.0000
vt 6.0000 10.0000
vt 6.0000 11.0000
vt 6.0000 12.0000
vt 6.0000 13.0000
vt 6.0000 14.0000
vt 6.0000 15.0000
vt 6.0000 16.0000
vt 6.0000 17.0000
vt 6.0000 18.0000
vt 6.0000 19.0000
vt 6.0000 20.0000
vt 6.0000 21.0000
vt 6.0000 22.0000
vt 6.0000 23.0000
vt 6.0000 24.0000
vt 6.0000 25.0000
vt 6.0000 26.0000
vt 6.0000 27.0000
vt 6.0000 28.0000
vt 6.0000 29.0000
vt 6.0000 30.0000
vt 7.0000 0.0000
vt 7.0000 1.0000
vt 7.0000 2.0000
vt 7.0000 3.0000
vt 7.0000 4.0000
vt 7.0000 5.0000
vt 7.0000 6.0000
vt 7.0000 7.0000
vt 7.0000 8.0000
vt 7.0000 9.0000
vt 7.0000 10.0000
vt 7.0000 11.0000
vt 7.0000 12.0000
vt 7.0000 13.0000
vt 7.0000 14.0000
vt 7.0000 15.0000
vt 7.0000 16.0000
vt 7.0000 17.0000
vt 7.0000 18.0000
vt 7.0000 19.0000
vt 7.0000 20.0000
vt 7.0000 21.0000
vt 7.0000 22.0000
vt 7.0000 23.0000
vt 7.0000 24.0000
vt 7.0000 25.0000
vt 7.0000 26.0000
vt 7.0000 27.0000
vt 7.0000 28.0000
vt 7.0000 29.0000
vt 7.0000 30.0000
vt 8.0000 0.0000
vt 8.0000 1.0000
vt 8.0000 2.0000
vt 8.0000 3.0000
vt 8.0000 4.0000
vt 8.0000 5.0000
vt 8.0000 6.0000
vt 8.0000 7.0000
vt 8.0000 8.0000
vt 8.0000 9.0000
vt 8.0000 10.0000
vt 8.0000 11.0000
vt 8.0000 12.0000
vt 8.0000 13.0000
vt 8.0000 14.0000
vt 8.0000 15.0000
vt 8.0000 16.0000
vt 8.0000 17.0000
vt 8.0000 18.0000
vt 8.0000 19.0000
vt 8.0000 20.0000
vt 8.0000 21.0000
vt 8.0000 22.0000
vt 8.0000 23.0000
vt 8.0000 24.0000
vt 8.0000 25.0000
vt 8.0000 26.0000
vt 8.0000 27.0000
vt 8.0000 28.0000
vt 8.0000 29.0000
vt 8.0000 30.0000
vt 9.0000 0.0000
vt 9.0000 1.0000
vt 9.0000 2.0000
vt 9.0000 3.0000
vt 9.0000 4.0000
vt 9.0000 5.0000
vt 9.0000 6.0000
vt 9.0000 7.0000
vt 9.0000 8.0000
vt 9.0000 9.0000
vt 9.0000 10.0000
vt 9.0000 11.0000
vt 9.0000 12.0000
vt 9.0000 13.0000
vt 9.0000 14.0000
vt 9.0000 15.0000
vt 9.0000 16.0000
vt 9.0000 17.0000
vt 9.0000 18.0000
vt 9.0000 19.0000
vt 9.0000 20.0000
vt 9.0000 21.0000
vt 9.0000 22.0000
vt 9.0000 23.0000
vt 9.0000 24.0000
vt 9.0000 25.0000
vt 9.0000 26.0000
vt 9.0000 27.0000
vt 9.0000 28.0000
vt 9.0000 29.0000
vt 9.0000 30.0000
vt 10.0000 0.0000
vt 10.0000 1.0000
vt 10.0000 2.0000
vt 10.0000 3.0000
vt 10.0000 4.0000
vt 10.0000 5.0000
vt 10.0000 6.0000
vt 10.0000 7.0000
vt 10.0000 8.0000
vt 10.0000 9.0000
vt 10.0000 10.0000
vt 10.0000 11.0000
vt 10.0000 12.0000
vt 10.0000 13.0000
vt 10.0000 14.0000
vt 10.0000 15.0000
vt 10.0000 16.0000
vt 10.0000 17.0000
vt 10.0000 18.0000
vt 10.0000 19.0000
vt 10.0000 20.0000
vt 10.0000 21.0000
vt 10.0000 22.0000
vt 10.0000 23.0000
vt 10.0000 24.0000
vt 10.0000 25.0000
vt 10.0000 26.0000
vt 10.0000 27.0000
vt 10.0000 28.0000
vt 10.0000 29.0000
vt 10.0000 30.0000
vt 11.0000 0.0000
vt 11.0000 1.0000
vt 11.0000 2.0000
vt 11.0000 3.0000
vt 11.0000 4.0000
vt 11.0000 5.0000
vt 11.0000 6.0000
vt 11.0000 7.0000
vt 11.0000 8.0000
vt 11.0000 9.0000
vt 11.0000 10.0000
vt 11.0000 11.0000
vt 11.0000 12.0000
vt 11.0000 13.0000
vt 11.0000 14.0000
vt 11.0000 15.0000
vt 11.0000 16.0000
vt 11.0000 17.0000
vt 11.0000 18.0000
vt 11.0000 19.0000
vt 11.0000 20.0000
vt 11.0000 21.0000
vt 11.0000 22.0000
vt 11.0000 23.0000
vt 11.0000 24.0000
vt 11.0000 25.0000
vt 11.0000 26.0000
vt 11.0000 27.0000
vt 11.0000 28.0000
vt 11.0000 29.0000
vt 11.0000 30.0000
vt 12.0000 0.0000
vt 12.0000 1.0000
vt 12.0000 2.0000
vt 12.0000 3.0000
vt 12.0000 4.0000
vt 12.0000 5.0000
vt 12.0000 6.0000
vt 12.0000 7.0000
vt 12.0000 8.0000
vt 12.0000 9.0000
vt 12.0000 10.0000
vt 12.0000 11.0000
vt 12.0000 12.0000
vt 12.0000 13.0000
vt 12.0000 14.0000
vt 12.0000 15.0000
vt 12.0000 16.0000
vt 12.0000 17.0000
vt 12.0000 18.0000
vt 12.0000 19.0000
vt 12.0000 20.0000
vt 12.0000 21.0000
vt 12.0000 22.0000
vt 12.0000 23.0000
vt 12.0000 24.0000
vt 12.0000 25.0000
vt 12.0000 26.0000
vt 12.0000 27.0000
vt 12.0000 28.0000
vt 12.0000 29.0000
vt 12.0000 30.0000
vt 13.0000 0.0000
vt 13.0000 1.0000
vt 13.0000 2.0000
vt 13.0000 3.0000
vt 13.0000 4.0000
vt 13.0000 5.0000
vt 13.0000 6.0000
vt 13.0000 7.0000
vt 13.0000 8.0000
vt 13.0000 9.0000
vt 13.0000 10.0000
vt 13.0000 11.0000
vt 13.0000 12.0000
vt 13.0000 13.0000
vt 13.0000 14.0000
vt 13.0000 15.0000
vt 13.0000 16.0000
vt 13.0000 17.0000
vt 13.0000 18.0000
vt 13.0000 19.0000
vt 13.0000 20.0000
vt 13.0000 21.0000
vt 13.0000 22.0000
vt 13.0000 23.0000
vt 13.0000 24.0000
vt 13.0000 25.0000
vt 13.0000 26.0000
vt 13.0000 27.0000
vt 13.0000 28.0000
vt 13.0000 29.0000
vt 13.0000 30.0000
vt 14.0000 0.0000
vt 14.0000 1.0000
vt 14.0000 2.0000
vt 14.0000 3.0000
vt 14.0000 4.0000
vt 14.0000 5.0000
vt 14.0000 6.0000
vt 14.0000 7.0000
vt 14.0000 8.0000
vt 14.0000 9.0000
vt 14.0000 10.0000
vt 14.0000 11.0000
vt 14.0000 12.0000
vt 14.0000 13.0000
vt 14.0000 14.0000
vt 14.0000 15.0000
vt 14.0000 16.0000
vt 14.0000 17.0000
vt 14.0000 18.0000
vt 14.0000 19.0000
vt 14.0000 20.0000
vt 14.0000 21.0000
vt 14.0000 22.0000
vt 14.0000 23.0000
vt 14.0000 24.0000
vt 14.0000 25.0000
vt 14.0000 26.0000
vt 14.0000 27.0000
vt 14.0000 28.0000
vt 14.0000 29.0000
vt 14.0000 30.0000
vt 15.0000 0.0000
vt 15.0000 1.0000
vt 15.0000 2.0000
vt 15.0000 3.0000
vt 15.0000 4.0000
vt 15.0000 5.0000
vt 15.0000 6.0000
vt 15.0000 7.0000
vt 15.0000 8.0000
vt 15.0000 9.0000
vt 15.0000 10.0000
vt 15.0000 11.0000
vt 15.0000 12.0000
vt 15.0000 13.0000
vt 15.0000 14.0000
vt 15.0000 15.0000
vt 15.0000 16.0000
vt 15.0000 17.0000
vt 15.0000 18.0000
vt 15.0000 19.0000
vt 15.0000 20.0000
vt 15.0000 21.0000
vt 15.0000 22.0000
vt 15.0000 23.0000
vt 15.0000 24.0000
vt 15.0000 25.0000
vt 15.0000 26.0000
vt 15.0000 27.0000
vt 15.0000 28.0000
vt 15.0000 29.0000
vt 15.0000 30.0000
vt 16.0000 0.0000
vt 16.0000 1.0000
vt 16.0000 2.0000
vt 16.0000 3.0000
vt 16.0000 4.0000
vt 16.0000 5.0000
vt 16.0000 6.0000
vt 16.0000 7.0000
vt 16.0000 8.0000
vt 16.0000 9.0000
vt 16.0000 10.0000
vt 16.0000 11.0000
vt 16.0000 12.0000
vt 16.0000 13.0000
vt 16.0000 14.0000
vt 16.0000 15.0000
vt 16.0000 16.0000
vt 16.0000 17.0000
vt 16.0000 18.0000
vt 16.0000 19.0000
vt 16.0000 20.0000
vt 16.0000 21.0000
vt 16.0000 22.0000
vt 16.0000 23.0000
vt 16.0000 24.0000
vt 16.0000 25.0000
vt 16.0000 26.0000
vt 16.0000 27.0000
vt 16.0000 28.0000
vt 16.0000 29.0000
vt 16.0000 30.0000
vt 17.0000 0.0000
vt 17.0000 1.0000
vt 17.0000 2.0000
vt 17.0000 3.0000
vt 17.0000 4.0000
vt 17.0000 5.0000
vt 17.0000 6.0000
vt 17.0000 7.0000
vt 17.0000 8.0000
vt 17.0000 9.0000
vt 17.0000 10.0000
vt 17.0000 11.0000
vt 17.0000 12.0000
vt 17.0000 13.0000
vt 17.0000 14.0000
vt 17.0000 15.0000
vt 17.0000 16.0000
vt 17.0000 17.0000
vt 17.0000 18.0000
vt 17.0000 19.0000
vt 17.0000 20.0000
vt 17.0000 21.0000
vt 17.0000 22.0000
vt 17.0000 23.0000
vt 17.0000 24.0000
vt 17.0000 25.0000
vt 17.0000 26.0000
vt 17.0000 27.0000
vt 17.0000 28.0000
vt 17.0000 29.0000
vt 17.0000 30.0000
vt 18.0000 0.0000
vt 18.0000 1.0000
vt 18.0000 2.0000
vt 18.0000 3.0000
vt 18.0000 4.0000
vt 18.0000 5.0000
vt 18.0000 6.0000
vt 18.0000 7.0000
vt 18.0000 8.0000
vt 18.0000 9.0000
vt 18.0000 10.0000
vt 18.0000 11.0000
vt 18.0000 12.0000
vt 18.0000 13.0000
vt 18.0000 14.0000
vt 18.0000 15.0000
vt 18.0000 16.0000
vt 18.0000 17.0000
vt 18.0000 18.0000
vt 18.0000 19.0000
vt 18.0000 20.0000
vt 18.0000 21.0000
vt 18.0000 22.0000
vt 18.0000 23.0000
vt 18.0000 24.0000
vt 18.0000 25.0000
vt 18.0000 26.0000
vt 18.0000 27.0000
vt 18.0000 28.0000
vt 18.0000 29.0000
vt 18.0000 30.0000
vt 19.0000 0.0000
vt 19.0000 1.0000
vt 19.0000 2.0000
vt 19.0000 3.0000
vt 19.0000 4.0000
vt 19.0000 5.0000
vt 19.0000 6.0000
vt 19.0000 7.0000
vt 19.0000 8.0000
vt 19.0000 9.0000
vt 19.0000 10.0000
vt 19.0000 11.0000
vt 19.0000 12.0000
vt 19.0000 13.0000
vt 19.0000 14.0000
vt 19.0000 15.0000
vt 19.0000 16.0000
vt 19.0000 17.0000
vt 19.0000 18.0000
vt 19.0000 19.0000
vt 19.0000 20.0000
vt 19.0000 21.0000
vt 19.0000 22.0000
vt 19.0000 23.0000
vt 19.0000 24.0000
vt 19.0000 25.0000
vt 19.0000 26.0000
vt 19.0000 27.0000
vt 19.0000 28.0000
vt 19.0000 29.0000
vt 19.0000 30.0000
vt 20.0000 0.0000
vt 20.0000 1.0000
vt 20.0000 2.0000
vt 20.0000 3.0000
vt 20.0000 4.0000
vt 20.0000 5.0000
vt 20.0000 6.0000
vt 20.0000 7.0000
vt 20.0000 8.0000
vt 20.0000 9.0000
vt 20.0000 10.0000
vt 20.0000 11.0000
vt 20.0000 12.0000
vt 20.0000 13.0000
vt 20.0000 14.0000
vt 20.0000 15.0000
vt 20.0000 16.0000
vt 20.0000 17.0000
vt 20.0000 18.0000
vt 20.0000 19.0000
vt 20.0000 20.0000
vt 20.0000 21.0000
vt 20.0000 22.0000
vt 20.0000 23.0000
vt 20.0000 24.0000
vt 20.0000 25.0000
vt 20.0000 26.0000
vt 20.0000 27.0000
vt 20.0000 28.0000
vt 20.0000 29.0000
vt 20.0000 30.0000
vt 21.0000 0.0000
vt 21.0000 1.0000
vt 21.0000 2.0000
vt 21.0000 3.0000
vt 21.0000 4.0000
vt 21.0000 5.0000
vt 21.0000 6.0000
vt 21.0000 7.0000
vt 21.0000 8.0000
vt 21.0000 9.0000
vt 21.0000 10.0000
vt 21.0000 11.0000
vt 21.0000 12.0000
vt 21.0000 13.0000
vt 21.0000 14.0000
vt 21.0000 15.0000
vt 21.0000 16.0000
vt 21.0000 17.0000
vt 21.0000 18.0000
vt 21.0000 19.0000
vt 21.0000 20.0000
vt 21.0000 21.0000
vt 21.0000 22.0000
vt 21.0000 23.0000
vt 21.0000 24.0000
vt 21.0000 25.0000
vt 21.0000 26.0000
vt 21.0000 27.0000
vt 21.0000 28.0000
vt 21.0000 29.0000
vt 21.0000 30.0000
vt 22.0000 0.0000
vt 22.0000 1.0000
vt 22.0000 2.0000
vt 22.0000 3.0000
vt 22.0000 4.0000
vt 22.0000 5.0000
vt 22.0000 6.0000
vt 22.0000 7.0000
vt 22.0000 8.0000
vt 22.0000 9.0000
vt 22.0000 10.0000
vt 22.0000 11.0000
vt 22.0000 12.0000
vt 22.0000 13.0000
vt 22.0000 14.0000
vt 22.0000 15.0000
vt 22.0000 16.0000
vt 22.0000 17.0000
vt 22.0000 18.0000
vt 22.0000 19.0000
vt 22.0000 20.0000
vt 22.0000 21.0000
vt 22.0000 22.0000
vt 22.0000 23.0000
vt 22.0000 24.0000
vt 22.0000 25.0000
vt 22.0000 26.0000
vt 22.0000 27.0000
vt 22.0000 28.0000
vt 22.0000 29.0000
vt 22.0000 30.0000
vt 23.0000 0.0000
vt 23.0000 1.0000
vt 23.0000 2.0000
vt 23.0000 3.0000
vt 23.0000 4.0000
vt 23.0000 5.0000
vt 23.0000 6.0000
vt 23.0000 7.0000
vt 23.0000 8.0000
vt 23.0000 9.0000
vt 23.0000 10.0000
vt 23.0000 11.0000
vt 23.0000 12.0000
vt 23.0000 13.0000
vt 23.0000 14.0000
vt 23.0000 15.0000
vt 23.0000 16.0000
vt 23.0000 17.0000
vt 23.0000 18.0000
vt 23.0000 19.0000
vt 23.0000 20.0000
vt 23.0000 21.0000
vt 23.0000 22.0000
vt 23.0000 23.0000
vt 23.0000 24.0000
vt 23.0000 25.0000
vt 23.0000 26.0000
vt 23.0000 27.0000
vt 23.0000 28.0000
vt 23.0000 29.0000
vt 23.0000 30.0000
vt 24.0000 0.0000
vt 24.0000 1.0000
vt 24.0000 2.0000
vt 24.0000 3.0000
vt 24.0000 4.0000
vt 24.0000 5.0000
vt 24.0000 6.0000
vt 24.0000 7.0000
vt 24.0000 8.0000
vt 24.0000 9.0000
vt 24.0000 10.0000
vt 24.0000 11.0000
vt 24.0000 12.0000
vt 24.0000 13.0000
vt 24.0000 14.0000
vt 24.0000 15.0000
vt 24.0000 16.0000
vt 24.0000 17.0000
vt 24.0000 18.0000
vt 24.0000 19.0000
vt 24.0000 20.0000
vt 24.0000 21.0000
vt 24.0000 22.0000
vt 24.0000 23.0000
vt 24.0000 24.0000
vt 24.0000 25.0000
vt 24.0000 26.0000
vt 24.0000 27.0000
vt 24.0000 28.0000
vt 24.0000 29.0000
vt 24.0000 30.0000
vt 25.0000 0.0000
vt 25.0000 1.0000
vt 25.0000 2.0000
vt 25.0000 3.0000
vt 25.0000 4.0000
vt 25.0000 5.0000
vt 25.0000 6.0000
vt 25.0000 7.0000
vt 25.0000 8.0000
vt 25.0000 9.0000
vt 25.0000 10.0000
vt 25.0000 11.0000
vt 25.0000 12.0000
vt 25.0000 13.0000
vt 25.0000 14.0000
vt 25.0000 15.0000
vt 25.0000 16.0000
vt 25.0000 17.0000
vt 25.0000 18.0000
vt 25.0000 19.0000
vt 25.0000 20.0000
vt 25.0000 21.0000
vt 25.0000 22.0000
vt 25.0000 23.0000
vt 25.0000 24.0000
vt 25.0000 25.0000
vt 25.0000 26.0000
vt 25.0000 27.0000
vt 25.0000 28.0000
vt 25.0000 29.0000
vt 25.0000 30.0000
vt 26.0000 0.0000
vt 26.0000 1.0000
vt 26.0000 2.0000
vt 26.0000 3.0000
vt 26.0000 4.0000
vt 26.0000 5.0000
vt 26.0000 6.0000
vt 26.0000 7.0000
vt 26.0000 8.0000
vt 26.0000 9.0000
vt 26.0000 10.0000
vt 26.0000 11.0000
vt 26.0000 12.0000
vt 26.0000 13.0000
vt 26.0000 14.0000
vt 26.0000 15.0000
vt 26.0000 16.0000
vt 26.0000 17.0000
vt 26.0000 18.0000
vt 26.0000 19.0000
vt 26.0000 20.0000
vt 26.0000 21.0000
vt 26.0000 22.0000
vt 26.0000 23.0000
vt 26.0000 24.0000
vt 26.0000 25.0000
vt 26.0000 26.0000
vt 26.0000 27.0000
vt 26.0000 28.0000
vt 26.0000 29.0000
vt 26.0000 30.0000
vt 27.0000 0.0000
vt 27.0000 1.0000
vt 27.0000 2.0000
vt 27.0000 3.0000
vt 27.0000 4.0000
vt 27.0000 5.0000
vt 27.0000 6.0000
vt 27.0000 7.0000
vt 27.0000 8.0000
vt 27.0000 9.0000
vt 27.0000 10.0000
vt 27.0000 11.0000
vt 27.0000 12.0000
vt 27.0000 13.0000
vt 27.0000 14.0000
vt 27.0000 15.0000
vt 27.0000 16.0000
vt 27.0000 17.0000
vt 27.0000 18.0000
vt 27.0000 19.0000
vt 27.0000 20.0000
vt 27.0000 21.0000
vt 27.0000 22.0000
vt 27.0000 23.0000
vt 27.0000 24.0000
vt 27.0000 25.0000
vt 27.0000 26.0000
vt 27.0000 27.0000
vt 27.0000 28.0000
vt 27.0000 29.0000
vt 27.0000 30.0000
vt 28.0000 0.0000
vt 28.0000 1.0000
vt 28.0000 2.0000
vt 28.0000 3.0000
vt 28.0000 4.0000
vt 28.0000 5.0000
vt 28.0000 6.0000
vt 28.0000 7.0000
vt 28.0000 8.0000
vt 28.0000 9.0000
vt 28.0000 10.0000
vt 28.0000 11.0000
vt 28.0000 12.0000
vt 28.0000 13.0000
vt 28.0000 14.0000
vt 28.0000 15.0000
vt 28.0000 16.0000
vt 28.0000 17.0000
vt 28.0000 18.0000
vt 28.0000 19.0000
vt 28.0000 20.0000
vt 28.0000 21.0000
vt 28.0000 22.0000
vt 28.0000 23.0000
vt 28.0000 24.0000
vt 28.0000 25.0000
vt 28.0000 26.0000
vt 28.0000 27.0000
vt 28.0000 28.0000
vt 28.0000 29.0000
vt 28.0000 30.0000
vt 29.0000 0.0000
vt 29.0000 1.0000
vt 29.0000 2.0000
vt 29.0000 3.0000
vt 29.0000 4.0000
vt 29.0000 5.0000
vt 29.0000 6.0000
vt 29.0000 7.0000
vt 29.0000 8.0000
vt 29.0000 9.0000
vt 29.0000 10.0000
vt 29.0000 11.0000
vt 29.0000 12.0000
vt 29.0000 13.0000
vt 29.0000 14.0000
vt 29.0000 15.0000
vt 29.0000 16.0000
vt 29.0000 17.0000
vt 29.0000 18.0000
vt 29.0000 19.0000
vt 29.0000 20.0000
vt 29.0000 21.0000
vt 29.0000 22.0000
vt 29.0000 23.0000
vt 29.0000 24.0000
vt 29.0000 25.0000
vt 29.0000 26.0000
vt 29.0000 27.0000
vt 29.0000 28.0000
vt 29.0000 29.0000
vt 29.0000 30.0000
vt 30.0000 0.0000
vt 30.0000 1.0000
vt 30.0000 2.0000
vt 30.0000 3.0000
vt 30.0000 4.0000
vt 30.0000 5.0000
vt 30.0000 6.0000
vt 30.0000 7.0000
vt 30.0000 8.0000
vt 30.0000 9.0000
vt 30.0000 10.0000
vt 30.0000 11.0000
vt 30.0000 12.0000
vt 30.0000 13.0000
vt 30.0000 14.0000
vt 30.0000 15.0000
vt 30.0000 16.0000
vt 30.0000 17.0000
vt 30.0000 18.0000
vt 30.0000 19.0000
vt 30.0000 20.0000
vt 30.0000 21.0000
vt 30.0000 22.0000
vt 30.0000 23.0000
vt 30.0000 24.0000
vt 30.0000 25.0000
vt 30.0000 26.0000
vt 30.0000 27.0000
vt 30.0000 28.0000
vt 30.0000 29.0000
vt 30.0000 30.0000
vt 0.0000 32.0000
vt 1.0000 32.0000
vt 0.0000 34.0000
vt 1.0000 34.0000
vt 0.0000 36.0000
vt 1.0000 36.0000
vt 0.0000 38.0000
vt 1.0000 38.0000
vt 0.0000 40.0000
vt 1.0000 40.0000
vt 0.0000 42.0000
vt 1.0000 42.0000
vt 0.0000 44.0000
vt 1.0000 44.0000
vt 0.0000 46.0000
vt 1.0000 46.0000
vt 0.0000 48.0000
vt 1.0000 48.0000
vt 0.0000 50.0000
vt 1.0000 50.0000
vt 0.0000 52.0000
vt 1.0000 52.0000
vt 0.0000 1.5000
vt 1.0000 1.5000
vt 1.0000 0.1500
vt 0.0000 0.1500
vt 0.0000 4.5000
vt 1.0000 4.5000
vt 0.0000 7.5000
vt 1.0000 7.5000
vt 0.0000 10.5000
vt 1.0000 10.5000
vt 0.0000 13.5000
vt 1.0000 13.5000
vt 0.0000 16.5000
vt 1.0000 16.5000
vt 0.0000 19.5000
vt 1.0000 19.5000
vt 0.0000 22.5000
vt 1.0000 22.5000
vt 0.0000 25.5000
vt 1.0000 25.5000
vt 0.0000 28.5000
vt 1.0000 28.5000
vt 0.0000 31.5000
vt 1.0000 31.5000
vt 0.0000 33.0000
vt 1.0000 33.0000
vt 0.0000 34.5000
vt 1.0000 34.5000
vt 0.0000 37.5000
vt 1.0000 37.5000
vt 0.0000 39.0000
vt 1.0000 39.0000
vt 3.0000 0.5000
vt 0.0000 0.5000

vn 0.0000 1.0000 0.0000
vn 0.0000 -1.0000 0.0000
vn 1.0000 0.0000 0.0000
vn -1.0000 0.0000 0.0000
vn 0.0000 0.0000 1.0000
vn 0.0000 0.0000 -1.0000

o Terrain
g Terrain
usemtl mat_grama
f 1/1/1 2/4/1 33/3/1
f 1/1/1 33/3/1 32/2/1
f 2/4/1 3/6/1 34/5/1
f 2/4/1 34/5/1 33/3/1
f 3/6/1 4/8/1 35/7/1
f 3/6/1 35/7/1 34/5/1
f 4/8/1 5/10/1 36/9/1
f 4/8/1 36/9/1 35/7/1
f 5/10/1 6/12/1 37/11/1
f 5/10/1 37/11/1 36/9/1
f 6/12/1 7/14/1 38/13/1
f 6/12/1 38/13/1 37/11/1
f 7/14/1 8/16/1 39/15/1
f 7/14/1 39/15/1 38/13/1
f 8/16/1 9/18/1 40/17/1
f 8/16/1 40/17/1 39/15/1
f 9/18/1 10/20/1 41/19/1
f 9/18/1 41/19/1 40/17/1
f 10/20/1 11/22/1 42/21/1
f 10/20/1 42/21/1 41/19/1
f 11/22/1 12/24/1 43/23/1
f 11/22/1 43/23/1 42/21/1
f 12/24/1 13/26/1 44/25/1
f 12/24/1 44/25/1 43/23/1
f 13/26/1 14/28/1 45/27/1
f 13/26/1 45/27/1 44/25/1
f 14/28/1 15/30/1 46/29/1
f 14/28/1 46/29/1 45/27/1
f 15/30/1 16/32/1 47/31/1
f 15/30/1 47/31/1 46/29/1
f 16/32/1 17/34/1 48/33/1
f 16/32/1 48/33/1 47/31/1
f 17/34/1 18/36/1 49/35/1
f 17/34/1 49/35/1 48/33/1
f 18/36/1 19/38/1 50/37/1
f 18/36/1 50/37/1 49/35/1
f 19/38/1 20/40/1 51/39/1
f 19/38/1 51/39/1 50/37/1
f 20/40/1 21/42/1 52/41/1
f 20/40/1 52/41/1 51/39/1
f 21/42/1 22/44/1 53/43/1
f 21/42/1 53/43/1 52/41/1
f 22/44/1 23/46/1 54/45/1
f 22/44/1 54/45/1 53/43/1
f 23/46/1 24/48/1 55/47/1
f 23/46/1 55/47/1 54/45/1
f 24/48/1 25/50/1 56/49/1
f 24/48/1 56/49/1 55/47/1
f 25/50/1 26/52/1 57/51/1
f 25/50/1 57/51/1 56/49/1
f 26/52/1 27/54/1 58/53/1
f 26/52/1 58/53/1 57/51/1
f 27/54/1 28/56/1 59/55/1
f 27/54/1 59/55/1 58/53/1
f 28/56/1 29/58/1 60/57/1
f 28/56/1 60/57/1 59/55/1
f 29/58/1 30/60/1 61/59/1
f 29/58/1 61/59/1 60/57/1
f 30/60/1 31/62/1 62/61/1
f 30/60/1 62/61/1 61/59/1
f 32/2/1 33/3/1 64/64/1
f 32/2/1 64/64/1 63/63/1
f 33/3/1 34/5/1 65/65/1
f 33/3/1 65/65/1 64/64/1
f 34/5/1 35/7/1 66/66/1
f 34/5/1 66/66/1 65/65/1
f 35/7/1 36/9/1 67/67/1
f 35/7/1 67/67/1 66/66/1
f 36/9/1 37/11/1 68/68/1
f 36/9/1 68/68/1 67/67/1
f 37/11/1 38/13/1 69/69/1
f 37/11/1 69/69/1 68/68/1
f 38/13/1 39/15/1 70/70/1
f 38/13/1 70/70/1 69/69/1
f 39/15/1 40/17/1 71/71/1
f 39/15/1 71/71/1 70/70/1
f 40/17/1 41/19/1 72/72/1
f 40/17/1 72/72/1 71/71/1
f 41/19/1 42/21/1 73/73/1
f 41/19/1 73/73/1 72/72/1
f 42/21/1 43/23/1 74/74/1
f 42/21/1 74/74/1 73/73/1
f 43/23/1 44/25/1 75/75/1
f 43/23/1 75/75/1 74/74/1
f 44/25/1 45/27/1 76/76/1
f 44/25/1 76/76/1 75/75/1
f 45/27/1 46/29/1 77/77/1
f 45/27/1 77/77/1 76/76/1
f 46/29/1 47/31/1 78/78/1
f 46/29/1 78/78/1 77/77/1
f 47/31/1 48/33/1 79/79/1
f 47/31/1 79/79/1 78/78/1
f 48/33/1 49/35/1 80/80/1
f 48/33/1 80/80/1 79/79/1
f 49/35/1 50/37/1 81/81/1
f 49/35/1 81/81/1 80/80/1
f 50/37/1 51/39/1 82/82/1
f 50/37/1 82/82/1 81/81/1
f 51/39/1 52/41/1 83/83/1
f 51/39/1 83/83/1 82/82/1
f 52/41/1 53/43/1 84/84/1
f 52/41/1 84/84/1 83/83/1
f 53/43/1 54/45/1 85/85/1
f 53/43/1 85/85/1 84/84/1
f 54/45/1 55/47/1 86/86/1
f 54/45/1 86/86/1 85/85/1
f 55/47/1 56/49/1 87/87/1
f 55/47/1 87/87/1 86/86/1
f 56/49/1 57/51/1 88/88/1
f 56/49/1 88/88/1 87/87/1
f 57/51/1 58/53/1 89/89/1
f 57/51/1 89/89/1 88/88/1
f 58/53/1 59/55/1 90/90/1
f 58/53/1 90/90/1 89/89/1
f 59/55/1 60/57/1 91/91/1
f 59/55/1 91/91/1 90/90/1
f 60/57/1 61/59/1 92/92/1
f 60/57/1 92/92/1 91/91/1
f 61/59/1 62/61/1 93/93/1
f 61/59/1 93/93/1 92/92/1
f 63/63/1 64/64/1 95/95/1
f 63/63/1 95/95/1 94/94/1
f 64/64/1 65/65/1 96/96/1
f 64/64/1 96/96/1 95/95/1
f 65/65/1 66/66/1 97/97/1
f 65/65/1 97/97/1 96/96/1
f 66/66/1 67/67/1 98/98/1
f 66/66/1 98/98/1 97/97/1
f 67/67/1 68/68/1 99/99/1
f 67/67/1 99/99/1 98/98/1
f 68/68/1 69/69/1 100/100/1
f 68/68/1 100/100/1 99/99/1
f 69/69/1 70/70/1 101/101/1
f 69/69/1 101/101/1 100/100/1
f 70/70/1 71/71/1 102/102/1
f 70/70/1 102/102/1 101/101/1
f 71/71/1 72/72/1 103/103/1
f 71/71/1 103/103/1 102/102/1
f 72/72/1 73/73/1 104/104/1
f 72/72/1 104/104/1 103/103/1
f 73/73/1 74/74/1 105/105/1
f 73/73/1 105/105/1 104/104/1
f 74/74/1 75/75/1 106/106/1
f 74/74/1 106/106/1 105/105/1
f 75/75/1 76/76/1 107/107/1
f 75/75/1 107/107/1 106/106/1
f 76/76/1 77/77/1 108/108/1
f 76/76/1 108/108/1 107/107/1
f 77/77/1 78/78/1 109/109/1
f 77/77/1 109/109/1 108/108/1
f 78/78/1 79/79/1 110/110/1
f 78/78/1 110/110/1 109/109/1
f 79/79/1 80/80/1 111/111/1
f 79/79/1 111/111/1 110/110/1
f 80/80/1 81/81/1 112/112/1
f 80/80/1 112/112/1 111/111/1
f 81/81/1 82/82/1 113/113/1
f 81/81/1 113/113/1 112/112/1
f 82/82/1 83/83/1 114/114/1
f 82/82/1 114/114/1 113/113/1
f 83/83/1 84/84/1 115/115/1
f 83/83/1 115/115/1 114/114/1
f 84/84/1 85/85/1 116/116/1
f 84/84/1 116/116/1 115/115/1
f 85/85/1 86/86/1 117/117/1
f 85/85/1 117/117/1 116/116/1
f 86/86/1 87/87/1 118/118/1
f 86/86/1 118/118/1 117/117/1
f 87/87/1 88/88/1 119/119/1
f 87/87/1 119/119/1 118/118/1
f 88/88/1 89/89/1 120/120/1
f 88/88/1 120/120/1 119/119/1
f 89/89/1 90/90/1 121/121/1
f 89/89/1 121/121/1 120/120/1
f 90/90/1 91/91/1 122/122/1
f 90/90/1 122/122/1 121/121/1
f 91/91/1 92/92/1 123/123/1
f 91/91/1 123/123/1 122/122/1
f 92/92/1 93/93/1 124/124/1
f 92/92/1 124/124/1 123/123/1
f 94/94/1 95/95/1 126/126/1
f 94/94/1 126/126/1 125/125/1
f 95/95/1 96/96/1 127/127/1
f 95/95/1 127/127/1 126/126/1
f 96/96/1 97/97/1 128/128/1
f 96/96/1 128/128/1 127/127/1
f 97/97/1 98/98/1 129/129/1
f 97/97/1 129/129/1 128/128/1
f 98/98/1 99/99/1 130/130/1
f 98/98/1 130/130/1 129/129/1
f 99/99/1 100/100/1 131/131/1
f 99/99/1 131/131/1 130/130/1
f 100/100/1 101/101/1 132/132/1
f 100/100/1 132/132/1 131/131/1
f 101/101/1 102/102/1 133/133/1
f 101/101/1 133/133/1 132/132/1
f 102/102/1 103/103/1 134/134/1
f 102/102/1 134/134/1 133/133/1
f 103/103/1 104/104/1 135/135/1
f 103/103/1 135/135/1 134/134/1
f 104/104/1 105/105/1 136/136/1
f 104/104/1 136/136/1 135/135/1
f 105/105/1 106/106/1 137/137/1
f 105/105/1 137/137/1 136/136/1
f 106/106/1 107/107/1 138/138/1
f 106/106/1 138/138/1 137/137/1
f 107/107/1 108/108/1 139/139/1
f 107/107/1 139/139/1 138/138/1
f 108/108/1 109/109/1 140/140/1
f 108/108/1 140/140/1 139/139/1
f 109/109/1 110/110/1 141/141/1
f 109/109/1 141/141/1 140/140/1
f 110/110/1 111/111/1 142/142/1
f 110/110/1 142/142/1 141/141/1
f 111/111/1 112/112/1 143/143/1
f 111/111/1 143/143/1 142/142/1
f 112/112/1 113/113/1 144/144/1
f 112/112/1 144/144/1 143/143/1
f 113/113/1 114/114/1 145/145/1
f 113/113/1 145/145/1 144/144/1
f 114/114/1 115/115/1 146/146/1
f 114/114/1 146/146/1 145/145/1
f 115/115/1 116/116/1 147/147/1
f 115/115/1 147/147/1 146/146/1
f 116/116/1 117/117/1 148/148/1
f 116/116/1 148/148/1 147/147/1
f 117/117/1 118/118/1 149/149/1
f 117/117/1 149/149/1 148/148/1
f 118/118/1 119/119/1 150/150/1
f 118/118/1 150/150/1 149/149/1
f 119/119/1 120/120/1 151/151/1
f 119/119/1 151/151/1 150/150/1
f 120/120/1 121/121/1 152/152/1
f 120/120/1 152/152/1 151/151/1
f 121/121/1 122/122/1 153/153/1
f 121/121/1 153/153/1 152/152/1
f 122/122/1 123/123/1 154/154/1
f 122/122/1 154/154/1 153/153/1
f 123/123/1 124/124/1 155/155/1
f 123/123/1 155/155/1 154/154/1
f 125/125/1 126/126/1 157/157/1
f 125/125/1 157/157/1 156/156/1
f 126/126/1 127/127/1 158/158/1
f 126/126/1 158/158/1 157/157/1
f 127/127/1 128/128/1 159/159/1
f 127/127/1 159/159/1 158/158/1
f 128/128/1 129/129/1 160/160/1
f 128/128/1 160/160/1 159/159/1
f 129/129/1 130/130/1 161/161/1
f 129/129/1 161/161/1 160/160/1
f 130/130/1 131/131/1 162/162/1
f 130/130/1 162/162/1 161/161/1
f 131/131/1 132/132/1 163/163/1
f 131/131/1 163/163/1 162/162/1
f 132/132/1 133/133/1 164/164/1
f 132/132/1 164/164/1 163/163/1
f 133/133/1 134/134/1 165/165/1
f 133/133/1 165/165/1 164/164/1
f 134/134/1 135/135/1 166/166/1
f 134/134/1 166/166/1 165/165/1
f 135/135/1 136/136/1 167/167/1
f 135/135/1 167/167/1 166/166/1
f 136/136/1 137/137/1 168/168/1
f 136/136/1 168/168/1 167/167/1
f 137/137/1 138/138/1 169/169/1
f 137/137/1 169/169/1 168/168/1
f 138/138/1 139/139/1 170/170/1
f 138/138/1 170/170/1 169/169/1
f 139/139/1 140/140/1 171/171/1
f 139/139/1 171/171/1 170/170/1
f 140/140/1 141/141/1 172/172/1
f 140/140/1 172/172/1 171/171/1
f 141/141/1 142/142/1 173/173/1
f 141/141/1 173/173/1 172/172/1
f 142/142/1 143/143/1 174/174/1
f 142/142/1 174/174/1 173/173/1
f 143/143/1 144/144/1 175/175/1
f 143/143/1 175/175/1 174/174/1
f 144/144/1 145/145/1 176/176/1
f 144/144/1 176/176/1 175/175/1
f 145/145/1 146/146/1 177/177/1
f 145/145/1 177/177/1 176/176/1
f 146/146/1 147/147/1 178/178/1
f 146/146/1 178/178/1 177/177/1
f 147/147/1 148/148/1 179/179/1
f 147/147/1 179/179/1 178/178/1
f 148/148/1 149/149/1 180/180/1
f 148/148/1 180/180/1 179/179/1
f 149/149/1 150/150/1 181/181/1
f 149/149/1 181/181/1 180/180/1
f 150/150/1 151/151/1 182/182/1
f 150/150/1 182/182/1 181/181/1
f 151/151/1 152/152/1 183/183/1
f 151/151/1 183/183/1 182/182/1
f 152/152/1 153/153/1 184/184/1
f 152/152/1 184/184/1 183/183/1
f 153/153/1 154/154/1 185/185/1
f 153/153/1 185/185/1 184/184/1
f 154/154/1 155/155/1 186/186/1
f 154/154/1 186/186/1 185/185/1
f 156/156/1 157/157/1 188/188/1
f 156/156/1 188/188/1 187/187/1
f 157/157/1 158/158/1 189/189/1
f 157/157/1 189/189/1 188/188/1
f 158/158/1 159/159/1 190/190/1
f 158/158/1 190/190/1 189/189/1
f 159/159/1 160/160/1 191/191/1
f 159/159/1 191/191/1 190/190/1
f 160/160/1 161/161/1 192/192/1
f 160/160/1 192/192/1 191/191/1
f 161/161/1 162/162/1 193/193/1
f 161/161/1 193/193/1 192/192/1
f 162/162/1 163/163/1 194/194/1
f 162/162/1 194/194/1 193/193/1
f 163/163/1 164/164/1 195/195/1
f 163/163/1 195/195/1 194/194/1
f 164/164/1 165/165/1 196/196/1
f 164/164/1 196/196/1 195/195/1
f 165/165/1 166/166/1 197/197/1
f 165/165/1 197/197/1 196/196/1
f 166/166/1 167/167/1 198/198/1
f 166/166/1 198/198/1 197/197/1
f 167/167/1 168/168/1 199/199/1
f 167/167/1 199/199/1 198/198/1
f 168/168/1 169/169/1 200/200/1
f 168/168/1 200/200/1 199/199/1
f 169/169/1 170/170/1 201/201/1
f 169/169/1 201/201/1 200/200/1
f 170/170/1 171/171/1 202/202/1
f 170/170/1 202/202/1 201/201/1
f 171/171/1 172/172/1 203/203/1
f 171/171/1 203/203/1 202/202/1
f 172/172/1 173/173/1 204/204/1
f 172/172/1 204/204/1 203/203/1
f 173/173/1 174/174/1 205/205/1
f 173/173/1 205/205/1 204/204/1
f 174/174/1 175/175/1 206/206/1
f 174/174/1 206/206/1 205/205/1
f 175/175/1 176/176/1 207/207/1
f 175/175/1 207/207/1 206/206/1
f 176/176/1 177/177/1 208/208/1
f 176/176/1 208/208/1 207/207/1
f 177/177/1 178/178/1 209/209/1
f 177/177/1 209/209/1 208/208/1
f 178/178/1 179/179/1 210/210/1
f 178/178/1 210/210/1 209/209/1
f 179/179/1 180/180/1 211/211/1
f 179/179/1 211/211/1 210/210/1
f 180/180/1 181/181/1 212/212/1
f 180/180/1 212/212/1 211/211/1
f 181/181/1 182/182/1 213/213/1
f 181/181/1 213/213/1 212/212/1
f 182/182/1 183/183/1 214/214/1
f 182/182/1 214/214/1 213/213/1
f 183/183/1 184/184/1 215/215/1
f 183/183/1 215/215/1 214/214/1
f 184/184/1 185/185/1 216/216/1
f 184/184/1 216/216/1 215/215/1
f 185/185/1 186/186/1 217/217/1
f 185/185/1 217/217/1 216/216/1
f 187/187/1 188/188/1 219/219/1
f 187/187/1 219/219/1 218/218/1
f 188/188/1 189/189/1 220/220/1
f 188/188/1 220/220/1 219/219/1
f 189/189/1 190/190/1 221/221/1
f 189/189/1 221/221/1 220/220/1
f 190/190/1 191/191/1 222/222/1
f 190/190/1 222/222/1 221/221/1
f 191/191/1 192/192/1 223/223/1
f 191/191/1 223/223/1 222/222/1
f 192/192/1 193/193/1 224/224/1
f 192/192/1 224/224/1 223/223/1
f 193/193/1 194/194/1 225/225/1
f 193/193/1 225/225/1 224/224/1
f 194/194/1 195/195/1 226/226/1
f 194/194/1 226/226/1 225/225/1
f 195/195/1 196/196/1 227/227/1
f 195/195/1 227/227/1 226/226/1
f 196/196/1 197/197/1 228/228/1
f 196/196/1 228/228/1 227/227/1
f 197/197/1 198/198/1 229/229/1
f 197/197/1 229/229/1 228/228/1
f 198/198/1 199/199/1 230/230/1
f 198/198/1 230/230/1 229/229/1
f 199/199/1 200/200/1 231/231/1
f 199/199/1 231/231/1 230/230/1
f 200/200/1 201/201/1 232/232/1
f 200/200/1 232/232/1 231/231/1
f 201/201/1 202/202/1 233/233/1
f 201/201/1 233/233/1 232/232/1
f 202/202/1 203/203/1 234/234/1
f 202/202/1 234/234/1 233/233/1
f 203/203/1 204/204/1 235/235/1
f 203/203/1 235/235/1 234/234/1
f 204/204/1 205/205/1 236/236/1
f 204/204/1 236/236/1 235/235/1
f 205/205/1 206/206/1 237/237/1
f 205/205/1 237/237/1 236/236/1
f 206/206/1 207/207/1 238/238/1
f 206/206/1 238/238/1 237/237/1
f 207/207/1 208/208/1 239/239/1
f 207/207/1 239/239/1 238/238/1
f 208/208/1 209/209/1 240/240/1
f 208/208/1 240/240/1 239/239/1
f 209/209/1 210/210/1 241/241/1
f 209/209/1 241/241/1 240/240/1
f 210/210/1 211/211/1 242/242/1
f 210/210/1 242/242/1 241/241/1
f 211/211/1 212/212/1 243/243/1
f 211/211/1 243/243/1 242/242/1
f 212/212/1 213/213/1 244/244/1
f 212/212/1 244/244/1 243/243/1
f 213/213/1 214/214/1 245/245/1
f 213/213/1 245/245/1 244/244/1
f 214/214/1 215/215/1 246/246/1
f 214/214/1 246/246/1 245/245/1
f 215/215/1 216/216/1 247/247/1
f 215/215/1 247/247/1 246/246/1
f 216/216/1 217/217/1 248/248/1
f 216/216/1 248/248/1 247/247/1
f 218/218/1 219/219/1 250/250/1
f 218/218/1 250/250/1 249/249/1
f 219/219/1 220/220/1 251/251/1
f 219/219/1 251/251/1 250/250/1
f 220/220/1 221/221/1 252/252/1
f 220/220/1 252/252/1 251/251/1
f 221/221/1 222/222/1 253/253/1
f 221/221/1 253/253/1 252/252/1
f 222/222/1 223/223/1 254/254/1
f 222/222/1 254/254/1 253/253/1
f 223/223/1 224/224/1 255/255/1
f 223/223/1 255/255/1 254/254/1
f 224/224/1 225/225/1 256/256/1
f 224/224/1 256/256/1 255/255/1
f 225/225/1 226/226/1 257/257/1
f 225/225/1 257/257/1 256/256/1
f 226/226/1 227/227/1 258/258/1
f 226/226/1 258/258/1 257/257/1
f 227/227/1 228/228/1 259/259/1
f 227/227/1 259/259/1 258/258/1
f 228/228/1 229/229/1 260/260/1
f 228/228/1 260/260/1 259/259/1
f 229/229/1 230/230/1 261/261/1
f 229/229/1 261/261/1 260/260/1
f 230/230/1 231/231/1 262/262/1
f 230/230/1 262/262/1 261/261/1
f 231/231/1 232/232/1 263/263/1
f 231/231/1 263/263/1 262/262/1
f 232/232/1 233/233/1 264/264/1
f 232/232/1 264/264/1 263/263/1
f 233/233/1 234/234/1 265/265/1
f 233/233/1 265/265/1 264/264/1
f 234/234/1 235/235/1 266/266/1
f 234/234/1 266/266/1 265/265/1
f 235/235/1 236/236/1 267/267/1
f 235/235/1 267/267/1 266/266/1
f 236/236/1 237/237/1 268/268/1
f 236/236/1 268/268/1 267/267/1
f 237/237/1 238/238/1 269/269/1
f 237/237/1 269/269/1 268/268/1
f 238/238/1 239/239/1 270/270/1
f 238/238/1 270/270/1 269/269/1
f 239/239/1 240/240/1 271/271/1
f 239/239/1 271/271/1 270/270/1
f 240/240/1 241/241/1 272/272/1
f 240/240/1 272/272/1 271/271/1
f 241/241/1 242/242/1 273/273/1
f 241/241/1 273/273/1 272/272/1
f 242/242/1 243/243/1 274/274/1
f 242/242/1 274/274/1 273/273/1
f 243/243/1 244/244/1 275/275/1
f 243/243/1 275/275/1 274/274/1
f 244/244/1 245/245/1 276/276/1
f 244/244/1 276/276/1 275/275/1
f 245/245/1 246/246/1 277/277/1
f 245/245/1 277/277/1 276/276/1
f 246/246/1 247/247/1 278/278/1
f 246/246/1 278/278/1 277/277/1
f 247/247/1 248/248/1 279/279/1
f 247/247/1 279/279/1 278/278/1
f 249/249/1 250/250/1 281/281/1
f 249/249/1 281/281/1 280/280/1
f 250/250/1 251/251/1 282/282/1
f 250/250/1 282/282/1 281/281/1
f 251/251/1 252/252/1 283/283/1
f 251/251/1 283/283/1 282/282/1
f 252/252/1 253/253/1 284/284/1
f 252/252/1 284/284/1 283/283/1
f 253/253/1 254/254/1 285/285/1
f 253/253/1 285/285/1 284/284/1
f 254/254/1 255/255/1 286/286/1
f 254/254/1 286/286/1 285/285/1
f 255/255/1 256/256/1 287/287/1
f 255/255/1 287/287/1 286/286/1
f 256/256/1 257/257/1 288/288/1
f 256/256/1 288/288/1 287/287/1
f 257/257/1 258/258/1 289/289/1
f 257/257/1 289/289/1 288/288/1
f 258/258/1 259/259/1 290/290/1
f 258/258/1 290/290/1 289/289/1
f 259/259/1 260/260/1 291/291/1
f 259/259/1 291/291/1 290/290/1
f 260/260/1 261/261/1 292/292/1
f 260/260/1 292/292/1 291/291/1
f 261/261/1 262/262/1 293/293/1
f 261/261/1 293/293/1 292/292/1
f 262/262/1 263/263/1 294/294/1
f 262/262/1 294/294/1 293/293/1
f 263/263/1 264/264/1 295/295/1
f 263/263/1 295/295/1 294/294/1
f 264/264/1 265/265/1 296/296/1
f 264/264/1 296/296/1 295/295/1
f 265/265/1 266/266/1 297/297/1
f 265/265/1 297/297/1 296/296/1
f 266/266/1 267/267/1 298/298/1
f 266/266/1 298/298/1 297/297/1
f 267/267/1 268/268/1 299/299/1
f 267/267/1 299/299/1 298/298/1
f 268/268/1 269/269/1 300/300/1
f 268/268/1 300/300/1 299/299/1
f 269/269/1 270/270/1 301/301/1
f 269/269/1 301/301/1 300/300/1
f 270/270/1 271/271/1 302/302/1
f 270/270/1 302/302/1 301/301/1
f 271/271/1 272/272/1 303/303/1
f 271/271/1 303/303/1 302/302/1
f 272/272/1 273/273/1 304/304/1
f 272/272/1 304/304/1 303/303/1
f 273/273/1 274/274/1 305/305/1
f 273/273/1 305/305/1 304/304/1
f 274/274/1 275/275/1 306/306/1
f 274/274/1 306/306/1 305/305/1
f 275/275/1 276/276/1 307/307/1
f 275/275/1 307/307/1 306/306/1
f 276/276/1 277/277/1 308/308/1
f 276/276/1 308/308/1 307/307/1
f 277/277/1 278/278/1 309/309/1
f 277/277/1 309/309/1 308/308/1
f 278/278/1 279/279/1 310/310/1
f 278/278/1 310/310/1 309/309/1
f 280/280/1 281/281/1 312/312/1
f 280/280/1 312/312/1 311/311/1
f 281/281/1 282/282/1 313/313/1
f 281/281/1 313/313/1 312/312/1
f 282/282/1 283/283/1 314/314/1
f 282/282/1 314/314/1 313/313/1
f 283/283/1 284/284/1 315/315/1
f 283/283/1 315/315/1 314/314/1
f 284/284/1 285/285/1 316/316/1
f 284/284/1 316/316/1 315/315/1
f 285/285/1 286/286/1 317/317/1
f 285/285/1 317/317/1 316/316/1
f 286/286/1 287/287/1 318/318/1
f 286/286/1 318/318/1 317/317/1
f 287/287/1 288/288/1 319/319/1
f 287/287/1 319/319/1 318/318/1
f 288/288/1 289/289/1 320/320/1
f 288/288/1 320/320/1 319/319/1
f 289/289/1 290/290/1 321/321/1
f 289/289/1 321/321/1 320/320/1
f 290/290/1 291/291/1 322/322/1
f 290/290/1 322/322/1 321/321/1
f 291/291/1 292/292/1 323/323/1
f 291/291/1 323/323/1 322/322/1
f 292/292/1 293/293/1 324/324/1
f 292/292/1 324/324/1 323/323/1
f 293/293/1 294/294/1 325/325/1
f 293/293/1 325/325/1 324/324/1
f 294/294/1 295/295/1 326/326/1
f 294/294/1 326/326/1 325/325/1
f 295/295/1 296/296/1 327/327/1
f 295/295/1 327/327/1 326/326/1
f 296/296/1 297/297/1 328/328/1
f 296/296/1 328/328/1 327/327/1
f 297/297/1 298/298/1 329/329/1
f 297/297/1 329/329/1 328/328/1
f 298/298/1 299/299/1 330/330/1
f 298/298/1 330/330/1 329/329/1
f 299/299/1 300/300/1 331/331/1
f 299/299/1 331/331/1 330/330/1
f 300/300/1 301/301/1 332/332/1
f 300/300/1 332/332/1 331/331/1
f 301/301/1 302/302/1 333/333/1
f 301/301/1 333/333/1 332/332/1
f 302/302/1 303/303/1 334/334/1
f 302/302/1 334/334/1 333/333/1
f 303/303/1 304/304/1 335/335/1
f 303/303/1 335/335/1 334/334/1
f 304/304/1 305/305/1 336/336/1
f 304/304/1 336/336/1 335/335/1
f 305/305/1 306/306/1 337/337/1
f 305/305/1 337/337/1 336/336/1
f 306/306/1 307/307/1 338/338/1
f 306/306/1 338/338/1 337/337/1
f 307/307/1 308/308/1 339/339/1
f 307/307/1 339/339/1 338/338/1
f 308/308/1 309/309/1 340/340/1
f 308/308/1 340/340/1 339/339/1
f 309/309/1 310/310/1 341/341/1
f 309/309/1 341/341/1 340/340/1
f 311/311/1 312/312/1 343/343/1
f 311/311/1 343/343/1 342/342/1
f 312/312/1 313/313/1 344/344/1
f 312/312/1 344/344/1 343/343/1
f 313/313/1 314/314/1 345/345/1
f 313/313/1 345/345/1 344/344/1
f 314/314/1 315/315/1 346/346/1
f 314/314/1 346/346/1 345/345/1
f 315/315/1 316/316/1 347/347/1
f 315/315/1 347/347/1 346/346/1
f 316/316/1 317/317/1 348/348/1
f 316/316/1 348/348/1 347/347/1
f 317/317/1 318/318/1 349/349/1
f 317/317/1 349/349/1 348/348/1
f 318/318/1 319/319/1 350/350/1
f 318/318/1 350/350/1 349/349/1
f 319/319/1 320/320/1 351/351/1
f 319/319/1 351/351/1 350/350/1
f 320/320/1 321/321/1 352/352/1
f 320/320/1 352/352/1 351/351/1
f 321/321/1 322/322/1 353/353/1
f 321/321/1 353/353/1 352/352/1
f 322/322/1 323/323/1 354/354/1
f 322/322/1 354/354/1 353/353/1
f 323/323/1 324/324/1 355/355/1
f 323/323/1 355/355/1 354/354/1
f 324/324/1 325/325/1 356/356/1
f 324/324/1 356/356/1 355/355/1
f 325/325/1 326/326/1 357/357/1
f 325/325/1 357/357/1 356/356/1
f 326/326/1 327/327/1 358/358/1
f 326/326/1 358/358/1 357/357/1
f 327/327/1 328/328/1 359/359/1
f 327/327/1 359/359/1 358/358/1
f 328/328/1 329/329/1 360/360/1
f 328/328/1 360/360/1 359/359/1
f 329/329/1 330/330/1 361/361/1
f 329/329/1 361/361/1 360/360/1
f 330/330/1 331/331/1 362/362/1
f 330/330/1 362/362/1 361/361/1
f 331/331/1 332/332/1 363/363/1
f 331/331/1 363/363/1 362/362/1
f 332/332/1 333/333/1 364/364/1
f 332/332/1 364/364/1 363/363/1
f 333/333/1 334/334/1 365/365/1
f 333/333/1 365/365/1 364/364/1
f 334/334/1 335/335/1 366/366/1
f 334/334/1 366/366/1 365/365/1
f 335/335/1 336/336/1 367/367/1
f 335/335/1 367/367/1 366/366/1
f 336/336/1 337/337/1 368/368/1
f 336/336/1 368/368/1 367/367/1
f 337/337/1 338/338/1 369/369/1
f 337/337/1 369/369/1 368/368/1
f 338/338/1 339/339/1 370/370/1
f 338/338/1 370/370/1 369/369/1
f 339/339/1 340/340/1 371/371/1
f 339/339/1 371/371/1 370/370/1
f 340/340/1 341/341/1 372/372/1
f 340/340/1 372/372/1 371/371/1
f 342/342/1 343/343/1 374/374/1
f 342/342/1 374/374/1 373/373/1
f 343/343/1 344/344/1 375/375/1
f 343/343/1 375/375/1 374/374/1
f 344/344/1 345/345/1 376/376/1
f 344/344/1 376/376/1 375/375/1
f 345/345/1 346/346/1 377/377/1
f 345/345/1 377/377/1 376/376/1
f 346/346/1 347/347/1 378/378/1
f 346/346/1 378/378/1 377/377/1
f 347/347/1 348/348/1 379/379/1
f 347/347/1 379/379/1 378/378/1
f 348/348/1 349/349/1 380/380/1
f 348/348/1 380/380/1 379/379/1
f 349/349/1 350/350/1 381/381/1
f 349/349/1 381/381/1 380/380/1
f 350/350/1 351/351/1 382/382/1
f 350/350/1 382/382/1 381/381/1
f 351/351/1 352/352/1 383/383/1
f 351/351/1 383/383/1 382/382/1
f 352/352/1 353/353/1 384/384/1
f 352/352/1 384/384/1 383/383/1
f 353/353/1 354/354/1 385/385/1
f 353/353/1 385/385/1 384/384/1
f 354/354/1 355/355/1 386/386/1
f 354/354/1 386/386/1 385/385/1
f 355/355/1 356/356/1 387/387/1
f 355/355/1 387/387/1 386/386/1
f 356/356/1 357/357/1 388/388/1
f 356/356/1 388/388/1 387/387/1
f 357/357/1 358/358/1 389/389/1
f 357/357/1 389/389/1 388/388/1
f 358/358/1 359/359/1 390/390/1
f 358/358/1 390/390/1 389/389/1
f 359/359/1 360/360/1 391/391/1
f 359/359/1 391/391/1 390/390/1
f 360/360/1 361/361/1 392/392/1
f 360/360/1 392/392/1 391/391/1
f 361/361/1 362/362/1 393/393/1
f 361/361/1 393/393/1 392/392/1
f 362/362/1 363/363/1 394/394/1
f 362/362/1 394/394/1 393/393/1
f 363/363/1 364/364/1 395/395/1
f 363/363/1 395/395/1 394/394/1
f 364/364/1 365/365/1 396/396/1
f 364/364/1 396/396/1 395/395/1
f 365/365/1 366/366/1 397/397/1
f 365/365/1 397/397/1 396/396/1
f 366/366/1 367/367/1 398/398/1
f 366/366/1 398/398/1 397/397/1
f 367/367/1 368/368/1 399/399/1
f 367/367/1 399/399/1 398/398/1
f 368/368/1 369/369/1 400/400/1
f 368/368/1 400/400/1 399/399/1
f 369/369/1 370/370/1 401/401/1
f 369/369/1 401/401/1 400/400/1
f 370/370/1 371/371/1 402/402/1
f 370/370/1 402/402/1 401/401/1
f 371/371/1 372/372/1 403/403/1
f 371/371/1 403/403/1 402/402/1
f 373/373/1 374/374/1 405/405/1
f 373/373/1 405/405/1 404/404/1
f 374/374/1 375/375/1 406/406/1
f 374/374/1 406/406/1 405/405/1
f 375/375/1 376/376/1 407/407/1
f 375/375/1 407/407/1 406/406/1
f 376/376/1 377/377/1 408/408/1
f 376/376/1 408/408/1 407/407/1
f 377/377/1 378/378/1 409/409/1
f 377/377/1 409/409/1 408/408/1
f 378/378/1 379/379/1 410/410/1
f 378/378/1 410/410/1 409/409/1
f 379/379/1 380/380/1 411/411/1
f 379/379/1 411/411/1 410/410/1
f 380/380/1 381/381/1 412/412/1
f 380/380/1 412/412/1 411/411/1
f 381/381/1 382/382/1 413/413/1
f 381/381/1 413/413/1 412/412/1
f 382/382/1 383/383/1 414/414/1
f 382/382/1 414/414/1 413/413/1
f 383/383/1 384/384/1 415/415/1
f 383/383/1 415/415/1 414/414/1
f 384/384/1 385/385/1 416/416/1
f 384/384/1 416/416/1 415/415/1
f 385/385/1 386/386/1 417/417/1
f 385/385/1 417/417/1 416/416/1
f 386/386/1 387/387/1 418/418/1
f 386/386/1 418/418/1 417/417/1
f 387/387/1 388/388/1 419/419/1
f 387/387/1 419/419/1 418/418/1
f 388/388/1 389/389/1 420/420/1
f 388/388/1 420/420/1 419/419/1
f 389/389/1 390/390/1 421/421/1
f 389/389/1 421/421/1 420/420/1
f 390/390/1 391/391/1 422/422/1
f 390/390/1 422/422/1 421/421/1
f 391/391/1 392/392/1 423/423/1
f 391/391/1 423/423/1 422/422/1
f 392/392/1 393/393/1 424/424/1
f 392/392/1 424/424/1 423/423/1
f 393/393/1 394/394/1 425/425/1
f 393/393/1 425/425/1 424/424/1
f 394/394/1 395/395/1 426/426/1
f 394/394/1 426/426/1 425/425/1
f 395/395/1 396/396/1 427/427/1
f 395/395/1 427/427/1 426/426/1
f 396/396/1 397/397/1 428/428/1
f 396/396/1 428/428/1 427/427/1
f 397/397/1 398/398/1 429/429/1
f 397/397/1 429/429/1 428/428/1
f 398/398/1 399/399/1 430/430/1
f 398/398/1 430/430/1 429/429/1
f 399/399/1 400/400/1 431/431/1
f 399/399/1 431/431/1 430/430/1
f 400/400/1 401/401/1 432/432/1
f 400/400/1 432/432/1 431/431/1
f 401/401/1 402/402/1 433/433/1
f 401/401/1 433/433/1 432/432/1
f 402/402/1 403/403/1 434/434/1
f 402/402/1 434/434/1 433/433/1
f 404/404/1 405/405/1 436/436/1
f 404/404/1 436/436/1 435/435/1
f 405/405/1 406/406/1 437/437/1
f 405/405/1 437/437/1 436/436/1
f 406/406/1 407/407/1 438/438/1
f 406/406/1 438/438/1 437/437/1
f 407/407/1 408/408/1 439/439/1
f 407/407/1 439/439/1 438/438/1
f 408/408/1 409/409/1 440/440/1
f 408/408/1 440/440/1 439/439/1
f 409/409/1 410/410/1 441/441/1
f 409/409/1 441/441/1 440/440/1
f 410/410/1 411/411/1 442/442/1
f 410/410/1 442/442/1 441/441/1
f 411/411/1 412/412/1 443/443/1
f 411/411/1 443/443/1 442/442/1
f 412/412/1 413/413/1 444/444/1
f 412/412/1 444/444/1 443/443/1
f 413/413/1 414/414/1 445/445/1
f 413/413/1 445/445/1 444/444/1
f 414/414/1 415/415/1 446/446/1
f 414/414/1 446/446/1 445/445/1
f 415/415/1 416/416/1 447/447/1
f 415/415/1 447/447/1 446/446/1
f 416/416/1 417/417/1 448/448/1
f 416/416/1 448/448/1 447/447/1
f 417/417/1 418/418/1 449/449/1
f 417/417/1 449/449/1 448/448/1
f 418/418/1 419/419/1 450/450/1
f 418/418/1 450/450/1 449/449/1
f 419/419/1 420/420/1 451/451/1
f 419/419/1 451/451/1 450/450/1
f 420/420/1 421/421/1 452/452/1
f 420/420/1 452/452/1 451/451/1
f 421/421/1 422/422/1 453/453/1
f 421/421/1 453/453/1 452/452/1
f 422/422/1 423/423/1 454/454/1
f 422/422/1 454/454/1 453/453/1
f 423/423/1 424/424/1 455/455/1
f 423/423/1 455/455/1 454/454/1
f 424/424/1 425/425/1 456/456/1
f 424/424/1 456/456/1 455/455/1
f 425/425/1 426/426/1 457/457/1
f 425/425/1 457/457/1 456/456/1
f 426/426/1 427/427/1 458/458/1
f 426/426/1 458/458/1 457/457/1
f 427/427/1 428/428/1 459/459/1
f 427/427/1 459/459/1 458/458/1
f 428/428/1 429/429/1 460/460/1
f 428/428/1 460/460/1 459/459/1
f 429/429/1 430/430/1 461/461/1
f 429/429/1 461/461/1 460/460/1
f 430/430/1 431/431/1 462/462/1
f 430/430/1 462/462/1 461/461/1
f 431/431/1 432/432/1 463/463/1
f 431/431/1 463/463/1 462/462/1
f 432/432/1 433/433/1 464/464/1
f 432/432/1 464/464/1 463/463/1
f 433/433/1 434/434/1 465/465/1
f 433/433/1 465/465/1 464/464/1
f 435/435/1 436/436/1 467/467/1
f 435/435/1 467/467/1 466/466/1
f 436/436/1 437/437/1 468/468/1
f 436/436/1 468/468/1 467/467/1
f 437/437/1 438/438/1 469/469/1
f 437/437/1 469/469/1 468/468/1
f 438/438/1 439/439/1 470/470/1
f 438/438/1 470/470/1 469/469/1
f 439/439/1 440/440/1 471/471/1
f 439/439/1 471/471/1 470/470/1
f 440/440/1 441/441/1 472/472/1
f 440/440/1 472/472/1 471/471/1
f 441/441/1 442/442/1 473/473/1
f 441/441/1 473/473/1 472/472/1
f 442/442/1 443/443/1 474/474/1
f 442/442/1 474/474/1 473/473/1
f 443/443/1 444/444/1 475/475/1
f 443/443/1 475/475/1 474/474/1
f 444/444/1 445/445/1 476/476/1
f 444/444/1 476/476/1 475/475/1
f 445/445/1 446/446/1 477/477/1
f 445/445/1 477/477/1 476/476/1
f 446/446/1 447/447/1 478/478/1
f 446/446/1 478/478/1 477/477/1
f 447/447/1 448/448/1 479/479/1
f 447/447/1 479/479/1 478/478/1
f 448/448/1 449/449/1 480/480/1
f 448/448/1 480/480/1 479/479/1
f 449/449/1 450/450/1 481/481/1
f 449/449/1 481/481/1 480/480/1
f 450/450/1 451/451/1 482/482/1
f 450/450/1 482/482/1 481/481/1
f 451/451/1 452/452/1 483/483/1
f 451/451/1 483/483/1 482/482/1
f 452/452/1 453/453/1 484/484/1
f 452/452/1 484/484/1 483/483/1
f 453/453/1 454/454/1 485/485/1
f 453/453/1 485/485/1 484/484/1
f 454/454/1 455/455/1 486/486/1
f 454/454/1 486/486/1 485/485/1
f 455/455/1 456/456/1 487/487/1
f 455/455/1 487/487/1 486/486/1
f 456/456/1 457/457/1 488/488/1
f 456/456/1 488/488/1 487/487/1
f 457/457/1 458/458/1 489/489/1
f 457/457/1 489/489/1 488/488/1
f 458/458/1 459/459/1 490/490/1
f 458/458/1 490/490/1 489/489/1
f 459/459/1 460/460/1 491/491/1
f 459/459/1 491/491/1 490/490/1
f 460/460/1 461/461/1 492/492/1
f 460/460/1 492/492/1 491/491/1
f 461/461/1 462/462/1 493/493/1
f 461/461/1 493/493/1 492/492/1
f 462/462/1 463/463/1 494/494/1
f 462/462/1 494/494/1 493/493/1
f 463/463/1 464/464/1 495/495/1
f 463/463/1 495/495/1 494/494/1
f 464/464/1 465/465/1 496/496/1
f 464/464/1 496/496/1 495/495/1
f 466/466/1 467/467/1 498/498/1
f 466/466/1 498/498/1 497/497/1
f 467/467/1 468/468/1 499/499/1
f 467/467/1 499/499/1 498/498/1
f 468/468/1 469/469/1 500/500/1
f 468/468/1 500/500/1 499/499/1
f 469/469/1 470/470/1 501/501/1
f 469/469/1 501/501/1 500/500/1
f 470/470/1 471/471/1 502/502/1
f 470/470/1 502/502/1 501/501/1
f 471/471/1 472/472/1 503/503/1
f 471/471/1 503/503/1 502/502/1
f 472/472/1 473/473/1 504/504/1
f 472/472/1 504/504/1 503/503/1
f 473/473/1 474/474/1 505/505/1
f 473/473/1 505/505/1 504/504/1
f 474/474/1 475/475/1 506/506/1
f 474/474/1 506/506/1 505/505/1
f 475/475/1 476/476/1 507/507/1
f 475/475/1 507/507/1 506/506/1
f 476/476/1 477/477/1 508/508/1
f 476/476/1 508/508/1 507/507/1
f 477/477/1 478/478/1 509/509/1
f 477/477/1 509/509/1 508/508/1
f 478/478/1 479/479/1 510/510/1
f 478/478/1 510/510/1 509/509/1
f 479/479/1 480/480/1 511/511/1
f 479/479/1 511/511/1 510/510/1
f 480/480/1 481/481/1 512/512/1
f 480/480/1 512/512/1 511/511/1
f 481/481/1 482/482/1 513/513/1
f 481/481/1 513/513/1 512/512/1
f 482/482/1 483/483/1 514/514/1
f 482/482/1 514/514/1 513/513/1
f 483/483/1 484/484/1 515/515/1
f 483/483/1 515/515/1 514/514/1
f 484/484/1 485/485/1 516/516/1
f 484/484/1 516/516/1 515/515/1
f 485/485/1 486/486/1 517/517/1
f 485/485/1 517/517/1 516/516/1
f 486/486/1 487/487/1 518/518/1
f 486/486/1 518/518/1 517/517/1
f 487/487/1 488/488/1 519/519/1
f 487/487/1 519/519/1 518/518/1
f 488/488/1 489/489/1 520/520/1
f 488/488/1 520/520/1 519/519/1
f 489/489/1 490/490/1 521/521/1
f 489/489/1 521/521/1 520/520/1
f 490/490/1 491/491/1 522/522/1
f 490/490/1 522/522/1 521/521/1
f 491/491/1 492/492/1 523/523/1
f 491/491/1 523/523/1 522/522/1
f 492/492/1 493/493/1 524/524/1
f 492/492/1 524/524/1 523/523/1
f 493/493/1 494/494/1 525/525/1
f 493/493/1 525/525/1 524/524/1
f 494/494/1 495/495/1 526/526/1
f 494/494/1 526/526/1 525/525/1
f 495/495/1 496/496/1 527/527/1
f 495/495/1 527/527/1 526/526/1
f 497/497/1 498/498/1 529/529/1
f 497/497/1 529/529/1 528/528/1
f 498/498/1 499/499/1 530/530/1
f 498/498/1 530/530/1 529/529/1
f 499/499/1 500/500/1 531/531/1
f 499/499/1 531/531/1 530/530/1
f 500/500/1 501/501/1 532/532/1
f 500/500/1 532/532/1 531/531/1
f 501/501/1 502/502/1 533/533/1
f 501/501/1 533/533/1 532/532/1
f 502/502/1 503/503/1 534/534/1
f 502/502/1 534/534/1 533/533/1
f 503/503/1 504/504/1 535/535/1
f 503/503/1 535/535/1 534/534/1
f 504/504/1 505/505/1 536/536/1
f 504/504/1 536/536/1 535/535/1
f 505/505/1 506/506/1 537/537/1
f 505/505/1 537/537/1 536/536/1
f 506/506/1 507/507/1 538/538/1
f 506/506/1 538/538/1 537/537/1
f 507/507/1 508/508/1 539/539/1
f 507/507/1 539/539/1 538/538/1
f 508/508/1 509/509/1 540/540/1
f 508/508/1 540/540/1 539/539/1
f 509/509/1 510/510/1 541/541/1
f 509/509/1 541/541/1 540/540/1
f 510/510/1 511/511/1 542/542/1
f 510/510/1 542/542/1 541/541/1
f 511/511/1 512/512/1 543/543/1
f 511/511/1 543/543/1 542/542/1
f 512/512/1 513/513/1 544/544/1
f 512/512/1 544/544/1 543/543/1
f 513/513/1 514/514/1 545/545/1
f 513/513/1 545/545/1 544/544/1
f 514/514/1 515/515/1 546/546/1
f 514/514/1 546/546/1 545/545/1
f 515/515/1 516/516/1 547/547/1
f 515/515/1 547/547/1 546/546/1
f 516/516/1 517/517/1 548/548/1
f 516/516/1 548/548/1 547/547/1
f 517/517/1 518/518/1 549/549/1
f 517/517/1 549/549/1 548/548/1
f 518/518/1 519/519/1 550/550/1
f 518/518/1 550/550/1 549/549/1
f 519/519/1 520/520/1 551/551/1
f 519/519/1 551/551/1 550/550/1
f 520/520/1 521/521/1 552/552/1
f 520/520/1 552/552/1 551/551/1
f 521/521/1 522/522/1 553/553/1
f 521/521/1 553/553/1 552/552/1
f 522/522/1 523/523/1 554/554/1
f 522/522/1 554/554/1 553/553/1
f 523/523/1 524/524/1 555/555/1
f 523/523/1 555/555/1 554/554/1
f 524/524/1 525/525/1 556/556/1
f 524/524/1 556/556/1 555/555/1
f 525/525/1 526/526/1 557/557/1
f 525/525/1 557/557/1 556/556/1
f 526/526/1 527/527/1 558/558/1
f 526/526/1 558/558/1 557/557/1
f 528/528/1 529/529/1 560/560/1
f 528/528/1 560/560/1 559/559/1
f 529/529/1 530/530/1 561/561/1
f 529/529/1 561/561/1 560/560/1
f 530/530/1 531/531/1 562/562/1
f 530/530/1 562/562/1 561/561/1
f 531/531/1 532/532/1 563/563/1
f 531/531/1 563/563/1 562/562/1
f 532/532/1 533/533/1 564/564/1
f 532/532/1 564/564/1 563/563/1
f 533/533/1 534/534/1 565/565/1
f 533/533/1 565/565/1 564/564/1
f 534/534/1 535/535/1 566/566/1
f 534/534/1 566/566/1 565/565/1
f 535/535/1 536/536/1 567/567/1
f 535/535/1 567/567/1 566/566/1
f 536/536/1 537/537/1 568/568/1
f 536/536/1 568/568/1 567/567/1
f 537/537/1 538/538/1 569/569/1
f 537/537/1 569/569/1 568/568/1
f 538/538/1 539/539/1 570/570/1
f 538/538/1 570/570/1 569/569/1
f 539/539/1 540/540/1 571/571/1
f 539/539/1 571/571/1 570/570/1
f 540/540/1 541/541/1 572/572/1
f 540/540/1 572/572/1 571/571/1
f 541/541/1 542/542/1 573/573/1
f 541/541/1 573/573/1 572/572/1
f 542/542/1 543/543/1 574/574/1
f 542/542/1 574/574/1 573/573/1
f 543/543/1 544/544/1 575/575/1
f 543/543/1 575/575/1 574/574/1
f 544/544/1 545/545/1 576/576/1
f 544/544/1 576/576/1 575/575/1
f 545/545/1 546/546/1 577/577/1
f 545/545/1 577/577/1 576/576/1
f 546/546/1 547/547/1 578/578/1
f 546/546/1 578/578/1 577/577/1
f 547/547/1 548/548/1 579/579/1
f 547/547/1 579/579/1 578/578/1
f 548/548/1 549/549/1 580/580/1
f 548/548/1 580/580/1 579/579/1
f 549/549/1 550/550/1 581/581/1
f 549/549/1 581/581/1 580/580/1
f 550/550/1 551/551/1 582/582/1
f 550/550/1 582/582/1 581/581/1
f 551/551/1 552/552/1 583/583/1
f 551/551/1 583/583/1 582/582/1
f 552/552/1 553/553/1 584/584/1
f 552/552/1 584/584/1 583/583/1
f 553/553/1 554/554/1 585/585/1
f 553/553/1 585/585/1 584/584/1
f 554/554/1 555/555/1 586/586/1
f 554/554/1 586/586/1 585/585/1
f 555/555/1 556/556/1 587/587/1
f 555/555/1 587/587/1 586/586/1
f 556/556/1 557/557/1 588/588/1
f 556/556/1 588/588/1 587/587/1
f 557/557/1 558/558/1 589/589/1
f 557/557/1 589/589/1 588/588/1
f 559/559/1 560/560/1 591/591/1
f 559/559/1 591/591/1 590/590/1
f 560/560/1 561/561/1 592/592/1
f 560/560/1 592/592/1 591/591/1
f 561/561/1 562/562/1 593/593/1
f 561/561/1 593/593/1 592/592/1
f 562/562/1 563/563/1 594/594/1
f 562/562/1 594/594/1 593/593/1
f 563/563/1 564/564/1 595/595/1
f 563/563/1 595/595/1 594/594/1
f 564/564/1 565/565/1 596/596/1
f 564/564/1 596/596/1 595/595/1
f 565/565/1 566/566/1 597/597/1
f 565/565/1 597/597/1 596/596/1
f 566/566/1 567/567/1 598/598/1
f 566/566/1 598/598/1 597/597/1
f 567/567/1 568/568/1 599/599/1
f 567/567/1 599/599/1 598/598/1
f 568/568/1 569/569/1 600/600/1
f 568/568/1 600/600/1 599/599/1
f 569/569/1 570/570/1 601/601/1
f 569/569/1 601/601/1 600/600/1
f 570/570/1 571/571/1 602/602/1
f 570/570/1 602/602/1 601/601/1
f 571/571/1 572/572/1 603/603/1
f 571/571/1 603/603/1 602/602/1
f 572/572/1 573/573/1 604/604/1
f 572/572/1 604/604/1 603/603/1
f 573/573/1 574/574/1 605/605/1
f 573/573/1 605/605/1 604/604/1
f 574/574/1 575/575/1 606/606/1
f 574/574/1 606/606/1 605/605/1
f 575/575/1 576/576/1 607/607/1
f 575/575/1 607/607/1 606/606/1
f 576/576/1 577/577/1 608/608/1
f 576/576/1 608/608/1 607/607/1
f 577/577/1 578/578/1 609/609/1
f 577/577/1 609/609/1 608/608/1
f 578/578/1 579/579/1 610/610/1
f 578/578/1 610/610/1 609/609/1
f 579/579/1 580/580/1 611/611/1
f 579/579/1 611/611/1 610/610/1
f 580/580/1 581/581/1 612/612/1
f 580/580/1 612/612/1 611/611/1
f 581/581/1 582/582/1 613/613/1
f 581/581/1 613/613/1 612/612/1
f 582/582/1 583/583/1 614/614/1
f 582/582/1 614/614/1 613/613/1
f 583/583/1 584/584/1 615/615/1
f 583/583/1 615/615/1 614/614/1
f 584/584/1 585/585/1 616/616/1
f 584/584/1 616/616/1 615/615/1
f 585/585/1 586/586/1 617/617/1
f 585/585/1 617/617/1 616/616/1
f 586/586/1 587/587/1 618/618/1
f 586/586/1 618/618/1 617/617/1
f 587/587/1 588/588/1 619/619/1
f 587/587/1 619/619/1 618/618/1
f 588/588/1 589/589/1 620/620/1
f 588/588/1 620/620/1 619/619/1
f 590/590/1 591/591/1 622/622/1
f 590/590/1 622/622/1 621/621/1
f 591/591/1 592/592/1 623/623/1
f 591/591/1 623/623/1 622/622/1
f 592/592/1 593/593/1 624/624/1
f 592/592/1 624/624/1 623/623/1
f 593/593/1 594/594/1 625/625/1
f 593/593/1 625/625/1 624/624/1
f 594/594/1 595/595/1 626/626/1
f 594/594/1 626/626/1 625/625/1
f 595/595/1 596/596/1 627/627/1
f 595/595/1 627/627/1 626/626/1
f 596/596/1 597/597/1 628/628/1
f 596/596/1 628/628/1 627/627/1
f 597/597/1 598/598/1 629/629/1
f 597/597/1 629/629/1 628/628/1
f 598/598/1 599/599/1 630/630/1
f 598/598/1 630/630/1 629/629/1
f 599/599/1 600/600/1 631/631/1
f 599/599/1 631/631/1 630/630/1
f 600/600/1 601/601/1 632/632/1
f 600/600/1 632/632/1 631/631/1
f 601/601/1 602/602/1 633/633/1
f 601/601/1 633/633/1 632/632/1
f 602/602/1 603/603/1 634/634/1
f 602/602/1 634/634/1 633/633/1
f 603/603/1 604/604/1 635/635/1
f 603/603/1 635/635/1 634/634/1
f 604/604/1 605/605/1 636/636/1
f 604/604/1 636/636/1 635/635/1
f 605/605/1 606/606/1 637/637/1
f 605/605/1 637/637/1 636/636/1
f 606/606/1 607/607/1 638/638/1
f 606/606/1 638/638/1 637/637/1
f 607/607/1 608/608/1 639/639/1
f 607/607/1 639/639/1 638/638/1
f 608/608/1 609/609/1 640/640/1
f 608/608/1 640/640/1 639/639/1
f 609/609/1 610/610/1 641/641/1
f 609/609/1 641/641/1 640/640/1
f 610/610/1 611/611/1 642/642/1
f 610/610/1 642/642/1 641/641/1
f 611/611/1 612/612/1 643/643/1
f 611/611/1 643/643/1 642/642/1
f 612/612/1 613/613/1 644/644/1
f 612/612/1 644/644/1 643/643/1
f 613/613/1 614/614/1 645/645/1
f 613/613/1 645/645/1 644/644/1
f 614/614/1 615/615/1 646/646/1
f 614/614/1 646/646/1 645/645/1
f 615/615/1 616/616/1 647/647/1
f 615/615/1 647/647/1 646/646/1
f 616/616/1 617/617/1 648/648/1
f 616/616/1 648/648/1 647/647/1
f 617/617/1 618/618/1 649/649/1
f 617/617/1 649/649/1 648/648/1
f 618/618/1 619/619/1 650/650/1
f 618/618/1 650/650/1 649/649/1
f 619/619/1 620/620/1 651/651/1
f 619/619/1 651/651/1 650/650/1
f 621/621/1 622/622/1 653/653/1
f 621/621/1 653/653/1 652/652/1
f 622/622/1 623/623/1 654/654/1
f 622/622/1 654/654/1 653/653/1
f 623/623/1 624/624/1 655/655/1
f 623/623/1 655/655/1 654/654/1
f 624/624/1 625/625/1 656/656/1
f 624/624/1 656/656/1 655/655/1
f 625/625/1 626/626/1 657/657/1
f 625/625/1 657/657/1 656/656/1
f 626/626/1 627/627/1 658/658/1
f 626/626/1 658/658/1 657/657/1
f 627/627/1 628/628/1 659/659/1
f 627/627/1 659/659/1 658/658/1
f 628/628/1 629/629/1 660/660/1
f 628/628/1 660/660/1 659/659/1
f 629/629/1 630/630/1 661/661/1
f 629/629/1 661/661/1 660/660/1
f 630/630/1 631/631/1 662/662/1
f 630/630/1 662/662/1 661/661/1
f 631/631/1 632/632/1 663/663/1
f 631/631/1 663/663/1 662/662/1
f 632/632/1 633/633/1 664/664/1
f 632/632/1 664/664/1 663/663/1
f 633/633/1 634/634/1 665/665/1
f 633/633/1 665/665/1 664/664/1
f 634/634/1 635/635/1 666/666/1
f 634/634/1 666/666/1 665/665/1
f 635/635/1 636/636/1 667/667/1
f 635/635/1 667/667/1 666/666/1
f 636/636/1 637/637/1 668/668/1
f 636/636/1 668/668/1 667/667/1
f 637/637/1 638/638/1 669/669/1
f 637/637/1 669/669/1 668/668/1
f 638/638/1 639/639/1 670/670/1
f 638/638/1 670/670/1 669/669/1
f 639/639/1 640/640/1 671/671/1
f 639/639/1 671/671/1 670/670/1
f 640/640/1 641/641/1 672/672/1
f 640/640/1 672/672/1 671/671/1
f 641/641/1 642/642/1 673/673/1
f 641/641/1 673/673/1 672/672/1
f 642/642/1 643/643/1 674/674/1
f 642/642/1 674/674/1 673/673/1
f 643/643/1 644/644/1 675/675/1
f 643/643/1 675/675/1 674/674/1
f 644/644/1 645/645/1 676/676/1
f 644/644/1 676/676/1 675/675/1
f 645/645/1 646/646/1 677/677/1
f 645/645/1 677/677/1 676/676/1
f 646/646/1 647/647/1 678/678/1
f 646/646/1 678/678/1 677/677/1
f 647/647/1 648/648/1 679/679/1
f 647/647/1 679/679/1 678/678/1
f 648/648/1 649/649/1 680/680/1
f 648/648/1 680/680/1 679/679/1
f 649/649/1 650/650/1 681/681/1
f 649/649/1 681/681/1 680/680/1
f 650/650/1 651/651/1 682/682/1
f 650/650/1 682/682/1 681/681/1
f 652/652/1 653/653/1 684/684/1
f 652/652/1 684/684/1 683/683/1
f 653/653/1 654/654/1 685/685/1
f 653/653/1 685/685/1 684/684/1
f 654/654/1 655/655/1 686/686/1
f 654/654/1 686/686/1 685/685/1
f 655/655/1 656/656/1 687/687/1
f 655/655/1 687/687/1 686/686/1
f 656/656/1 657/657/1 688/688/1
f 656/656/1 688/688/1 687/687/1
f 657/657/1 658/658/1 689/689/1
f 657/657/1 689/689/1 688/688/1
f 658/658/1 659/659/1 690/690/1
f 658/658/1 690/690/1 689/689/1
f 659/659/1 660/660/1 691/691/1
f 659/659/1 691/691/1 690/690/1
f 660/660/1 661/661/1 692/692/1
f 660/660/1 692/692/1 691/691/1
f 661/661/1 662/662/1 693/693/1
f 661/661/1 693/693/1 692/692/1
f 662/662/1 663/663/1 694/694/1
f 662/662/1 694/694/1 693/693/1
f 663/663/1 664/664/1 695/695/1
f 663/663/1 695/695/1 694/694/1
f 664/664/1 665/665/1 696/696/1
f 664/664/1 696/696/1 695/695/1
f 665/665/1 666/666/1 697/697/1
f 665/665/1 697/697/1 696/696/1
f 666/666/1 667/667/1 698/698/1
f 666/666/1 698/698/1 697/697/1
f 667/667/1 668/668/1 699/699/1
f 667/667/1 699/699/1 698/698/1
f 668/668/1 669/669/1 700/700/1
f 668/668/1 700/700/1 699/699/1
f 669/669/1 670/670/1 701/701/1
f 669/669/1 701/701/1 700/700/1
f 670/670/1 671/671/1 702/702/1
f 670/670/1 702/702/1 701/701/1
f 671/671/1 672/672/1 703/703/1
f 671/671/1 703/703/1 702/702/1
f 672/672/1 673/673/1 704/704/1
f 672/672/1 704/704/1 703/703/1
f 673/673/1 674/674/1 705/705/1
f 673/673/1 705/705/1 704/704/1
f 674/674/1 675/675/1 706/706/1
f 674/674/1 706/706/1 705/705/1
f 675/675/1 676/676/1 707/707/1
f 675/675/1 707/707/1 706/706/1
f 676/676/1 677/677/1 708/708/1
f 676/676/1 708/708/1 707/707/1
f 677/677/1 678/678/1 709/709/1
f 677/677/1 709/709/1 708/708/1
f 678/678/1 679/679/1 710/710/1
f 678/678/1 710/710/1 709/709/1
f 679/679/1 680/680/1 711/711/1
f 679/679/1 711/711/1 710/710/1
f 680/680/1 681/681/1 712/712/1
f 680/680/1 712/712/1 711/711/1
f 681/681/1 682/682/1 713/713/1
f 681/681/1 713/713/1 712/712/1
f 683/683/1 684/684/1 715/715/1
f 683/683/1 715/715/1 714/714/1
f 684/684/1 685/685/1 716/716/1
f 684/684/1 716/716/1 715/715/1
f 685/685/1 686/686/1 717/717/1
f 685/685/1 717/717/1 716/716/1
f 686/686/1 687/687/1 718/718/1
f 686/686/1 718/718/1 717/717/1
f 687/687/1 688/688/1 719/719/1
f 687/687/1 719/719/1 718/718/1
f 688/688/1 689/689/1 720/720/1
f 688/688/1 720/720/1 719/719/1
f 689/689/1 690/690/1 721/721/1
f 689/689/1 721/721/1 720/720/1
f 690/690/1 691/691/1 722/722/1
f 690/690/1 722/722/1 721/721/1
f 691/691/1 692/692/1 723/723/1
f 691/691/1 723/723/1 722/722/1
f 692/692/1 693/693/1 724/724/1
f 692/692/1 724/724/1 723/723/1
f 693/693/1 694/694/1 725/725/1
f 693/693/1 725/725/1 724/724/1
f 694/694/1 695/695/1 726/726/1
f 694/694/1 726/726/1 725/725/1
f 695/695/1 696/696/1 727/727/1
f 695/695/1 727/727/1 726/726/1
f 696/696/1 697/697/1 728/728/1
f 696/696/1 728/728/1 727/727/1
f 697/697/1 698/698/1 729/729/1
f 697/697/1 729/729/1 728/728/1
f 698/698/1 699/699/1 730/730/1
f 698/698/1 730/730/1 729/729/1
f 699/699/1 700/700/1 731/731/1
f 699/699/1 731/731/1 730/730/1
f 700/700/1 701/701/1 732/732/1
f 700/700/1 732/732/1 731/731/1
f 701/701/1 702/702/1 733/733/1
f 701/701/1 733/733/1 732/732/1
f 702/702/1 703/703/1 734/734/1
f 702/702/1 734/734/1 733/733/1
f 703/703/1 704/704/1 735/735/1
f 703/703/1 735/735/1 734/734/1
f 704/704/1 705/705/1 736/736/1
f 704/704/1 736/736/1 735/735/1
f 705/705/1 706/706/1 737/737/1
f 705/705/1 737/737/1 736/736/1
f 706/706/1 707/707/1 738/738/1
f 706/706/1 738/738/1 737/737/1
f 707/707/1 708/708/1 739/739/1
f 707/707/1 739/739/1 738/738/1
f 708/708/1 709/709/1 740/740/1
f 708/708/1 740/740/1 739/739/1
f 709/709/1 710/710/1 741/741/1
f 709/709/1 741/741/1 740/740/1
f 710/710/1 711/711/1 742/742/1
f 710/710/1 742/742/1 741/741/1
f 711/711/1 712/712/1 743/743/1
f 711/711/1 743/743/1 742/742/1
f 712/712/1 713/713/1 744/744/1
f 712/712/1 744/744/1 743/743/1
f 714/714/1 715/715/1 746/746/1
f 714/714/1 746/746/1 745/745/1
f 715/715/1 716/716/1 747/747/1
f 715/715/1 747/747/1 746/746/1
f 716/716/1 717/717/1 748/748/1
f 716/716/1 748/748/1 747/747/1
f 717/717/1 718/718/1 749/749/1
f 717/717/1 749/749/1 748/748/1
f 718/718/1 719/719/1 750/750/1
f 718/718/1 750/750/1 749/749/1
f 719/719/1 720/720/1 751/751/1
f 719/719/1 751/751/1 750/750/1
f 720/720/1 721/721/1 752/752/1
f 720/720/1 752/752/1 751/751/1
f 721/721/1 722/722/1 753/753/1
f 721/721/1 753/753/1 752/752/1
f 722/722/1 723/723/1 754/754/1
f 722/722/1 754/754/1 753/753/1
f 723/723/1 724/724/1 755/755/1
f 723/723/1 755/755/1 754/754/1
f 724/724/1 725/725/1 756/756/1
f 724/724/1 756/756/1 755/755/1
f 725/725/1 726/726/1 757/757/1
f 725/725/1 757/757/1 756/756/1
f 726/726/1 727/727/1 758/758/1
f 726/726/1 758/758/1 757/757/1
f 727/727/1 728/728/1 759/759/1
f 727/727/1 759/759/1 758/758/1
f 728/728/1 729/729/1 760/760/1
f 728/728/1 760/760/1 759/759/1
f 729/729/1 730/730/1 761/761/1
f 729/729/1 761/761/1 760/760/1
f 730/730/1 731/731/1 762/762/1
f 730/730/1 762/762/1 761/761/1
f 731/731/1 732/732/1 763/763/1
f 731/731/1 763/763/1 762/762/1
f 732/732/1 733/733/1 764/764/1
f 732/732/1 764/764/1 763/763/1
f 733/733/1 734/734/1 765/765/1
f 733/733/1 765/765/1 764/764/1
f 734/734/1 735/735/1 766/766/1
f 734/734/1 766/766/1 765/765/1
f 735/735/1 736/736/1 767/767/1
f 735/735/1 767/767/1 766/766/1
f 736/736/1 737/737/1 768/768/1
f 736/736/1 768/768/1 767/767/1
f 737/737/1 738/738/1 769/769/1
f 737/737/1 769/769/1 768/768/1
f 738/738/1 739/739/1 770/770/1
f 738/738/1 770/770/1 769/769/1
f 739/739/1 740/740/1 771/771/1
f 739/739/1 771/771/1 770/770/1
f 740/740/1 741/741/1 772/772/1
f 740/740/1 772/772/1 771/771/1
f 741/741/1 742/742/1 773/773/1
f 741/741/1 773/773/1 772/772/1
f 742/742/1 743/743/1 774/774/1
f 742/742/1 774/774/1 773/773/1
f 743/743/1 744/744/1 775/775/1
f 743/743/1 775/775/1 774/774/1
f 745/745/1 746/746/1 777/777/1
f 745/745/1 777/777/1 776/776/1
f 746/746/1 747/747/1 778/778/1
f 746/746/1 778/778/1 777/777/1
f 747/747/1 748/748/1 779/779/1
f 747/747/1 779/779/1 778/778/1
f 748/748/1 749/749/1 780/780/1
f 748/748/1 780/780/1 779/779/1
f 749/749/1 750/750/1 781/781/1
f 749/749/1 781/781/1 780/780/1
f 750/750/1 751/751/1 782/782/1
f 750/750/1 782/782/1 781/781/1
f 751/751/1 752/752/1 783/783/1
f 751/751/1 783/783/1 782/782/1
f 752/752/1 753/753/1 784/784/1
f 752/752/1 784/784/1 783/783/1
f 753/753/1 754/754/1 785/785/1
f 753/753/1 785/785/1 784/784/1
f 754/754/1 755/755/1 786/786/1
f 754/754/1 786/786/1 785/785/1
f 755/755/1 756/756/1 787/787/1
f 755/755/1 787/787/1 786/786/1
f 756/756/1 757/757/1 788/788/1
f 756/756/1 788/788/1 787/787/1
f 757/757/1 758/758/1 789/789/1
f 757/757/1 789/789/1 788/788/1
f 758/758/1 759/759/1 790/790/1
f 758/758/1 790/790/1 789/789/1
f 759/759/1 760/760/1 791/791/1
f 759/759/1 791/791/1 790/790/1
f 760/760/1 761/761/1 792/792/1
f 760/760/1 792/792/1 791/791/1
f 761/761/1 762/762/1 793/793/1
f 761/761/1 793/793/1 792/792/1
f 762/762/1 763/763/1 794/794/1
f 762/762/1 794/794/1 793/793/1
f 763/763/1 764/764/1 795/795/1
f 763/763/1 795/795/1 794/794/1
f 764/764/1 765/765/1 796/796/1
f 764/764/1 796/796/1 795/795/1
f 765/765/1 766/766/1 797/797/1
f 765/765/1 797/797/1 796/796/1
f 766/766/1 767/767/1 798/798/1
f 766/766/1 798/798/1 797/797/1
f 767/767/1 768/768/1 799/799/1
f 767/767/1 799/799/1 798/798/1
f 768/768/1 769/769/1 800/800/1
f 768/768/1 800/800/1 799/799/1
f 769/769/1 770/770/1 801/801/1
f 769/769/1 801/801/1 800/800/1
f 770/770/1 771/771/1 802/802/1
f 770/770/1 802/802/1 801/801/1
f 771/771/1 772/772/1 803/803/1
f 771/771/1 803/803/1 802/802/1
f 772/772/1 773/773/1 804/804/1
f 772/772/1 804/804/1 803/803/1
f 773/773/1 774/774/1 805/805/1
f 773/773/1 805/805/1 804/804/1
f 774/774/1 775/775/1 806/806/1
f 774/774/1 806/806/1 805/805/1
f 776/776/1 777/777/1 808/808/1
f 776/776/1 808/808/1 807/807/1
f 777/777/1 778/778/1 809/809/1
f 777/777/1 809/809/1 808/808/1
f 778/778/1 779/779/1 810/810/1
f 778/778/1 810/810/1 809/809/1
f 779/779/1 780/780/1 811/811/1
f 779/779/1 811/811/1 810/810/1
f 780/780/1 781/781/1 812/812/1
f 780/780/1 812/812/1 811/811/1
f 781/781/1 782/782/1 813/813/1
f 781/781/1 813/813/1 812/812/1
f 782/782/1 783/783/1 814/814/1
f 782/782/1 814/814/1 813/813/1
f 783/783/1 784/784/1 815/815/1
f 783/783/1 815/815/1 814/814/1
f 784/784/1 785/785/1 816/816/1
f 784/784/1 816/816/1 815/815/1
f 785/785/1 786/786/1 817/817/1
f 785/785/1 817/817/1 816/816/1
f 786/786/1 787/787/1 818/818/1
f 786/786/1 818/818/1 817/817/1
f 787/787/1 788/788/1 819/819/1
f 787/787/1 819/819/1 818/818/1
f 788/788/1 789/789/1 820/820/1
f 788/788/1 820/820/1 819/819/1
f 789/789/1 790/790/1 821/821/1
f 789/789/1 821/821/1 820/820/1
f 790/790/1 791/791/1 822/822/1
f 790/790/1 822/822/1 821/821/1
f 791/791/1 792/792/1 823/823/1
f 791/791/1 823/823/1 822/822/1
f 792/792/1 793/793/1 824/824/1
f 792/792/1 824/824/1 823/823/1
f 793/793/1 794/794/1 825/825/1
f 793/793/1 825/825/1 824/824/1
f 794/794/1 795/795/1 826/826/1
f 794/794/1 826/826/1 825/825/1
f 795/795/1 796/796/1 827/827/1
f 795/795/1 827/827/1 826/826/1
f 796/796/1 797/797/1 828/828/1
f 796/796/1 828/828/1 827/827/1
f 797/797/1 798/798/1 829/829/1
f 797/797/1 829/829/1 828/828/1
f 798/798/1 799/799/1 830/830/1
f 798/798/1 830/830/1 829/829/1
f 799/799/1 800/800/1 831/831/1
f 799/799/1 831/831/1 830/830/1
f 800/800/1 801/801/1 832/832/1
f 800/800/1 832/832/1 831/831/1
f 801/801/1 802/802/1 833/833/1
f 801/801/1 833/833/1 832/832/1
f 802/802/1 803/803/1 834/834/1
f 802/802/1 834/834/1 833/833/1
f 803/803/1 804/804/1 835/835/1
f 803/803/1 835/835/1 834/834/1
f 804/804/1 805/805/1 836/836/1
f 804/804/1 836/836/1 835/835/1
f 805/805/1 806/806/1 837/837/1
f 805/805/1 837/837/1 836/836/1
f 807/807/1 808/808/1 839/839/1
f 807/807/1 839/839/1 838/838/1
f 808/808/1 809/809/1 840/840/1
f 808/808/1 840/840/1 839/839/1
f 809/809/1 810/810/1 841/841/1
f 809/809/1 841/841/1 840/840/1
f 810/810/1 811/811/1 842/842/1
f 810/810/1 842/842/1 841/841/1
f 811/811/1 812/812/1 843/843/1
f 811/811/1 843/843/1 842/842/1
f 812/812/1 813/813/1 844/844/1
f 812/812/1 844/844/1 843/843/1
f 813/813/1 814/814/1 845/845/1
f 813/813/1 845/845/1 844/844/1
f 814/814/1 815/815/1 846/846/1
f 814/814/1 846/846/1 845/845/1
f 815/815/1 816/816/1 847/847/1
f 815/815/1 847/847/1 846/846/1
f 816/816/1 817/817/1 848/848/1
f 816/816/1 848/848/1 847/847/1
f 817/817/1 818/818/1 849/849/1
f 817/817/1 849/849/1 848/848/1
f 818/818/1 819/819/1 850/850/1
f 818/818/1 850/850/1 849/849/1
f 819/819/1 820/820/1 851/851/1
f 819/819/1 851/851/1 850/850/1
f 820/820/1 821/821/1 852/852/1
f 820/820/1 852/852/1 851/851/1
f 821/821/1 822/822/1 853/853/1
f 821/821/1 853/853/1 852/852/1
f 822/822/1 823/823/1 854/854/1
f 822/822/1 854/854/1 853/853/1
f 823/823/1 824/824/1 855/855/1
f 823/823/1 855/855/1 854/854/1
f 824/824/1 825/825/1 856/856/1
f 824/824/1 856/856/1 855/855/1
f 825/825/1 826/826/1 857/857/1
f 825/825/1 857/857/1 856/856/1
f 826/826/1 827/827/1 858/858/1
f 826/826/1 858/858/1 857/857/1
f 827/827/1 828/828/1 859/859/1
f 827/827/1 859/859/1 858/858/1
f 828/828/1 829/829/1 860/860/1
f 828/828/1 860/860/1 859/859/1
f 829/829/1 830/830/1 861/861/1
f 829/829/1 861/861/1 860/860/1
f 830/830/1 831/831/1 862/862/1
f 830/830/1 862/862/1 861/861/1
f 831/831/1 832/832/1 863/863/1
f 831/831/1 863/863/1 862/862/1
f 832/832/1 833/833/1 864/864/1
f 832/832/1 864/864/1 863/863/1
f 833/833/1 834/834/1 865/865/1
f 833/833/1 865/865/1 864/864/1
f 834/834/1 835/835/1 866/866/1
f 834/834/1 866/866/1 865/865/1
f 835/835/1 836/836/1 867/867/1
f 835/835/1 867/867/1 866/866/1
f 836/836/1 837/837/1 868/868/1
f 836/836/1 868/868/1 867/867/1
f 838/838/1 839/839/1 870/870/1
f 838/838/1 870/870/1 869/869/1
f 839/839/1 840/840/1 871/871/1
f 839/839/1 871/871/1 870/870/1
f 840/840/1 841/841/1 872/872/1
f 840/840/1 872/872/1 871/871/1
f 841/841/1 842/842/1 873/873/1
f 841/841/1 873/873/1 872/872/1
f 842/842/1 843/843/1 874/874/1
f 842/842/1 874/874/1 873/873/1
f 843/843/1 844/844/1 875/875/1
f 843/843/1 875/875/1 874/874/1
f 844/844/1 845/845/1 876/876/1
f 844/844/1 876/876/1 875/875/1
f 845/845/1 846/846/1 877/877/1
f 845/845/1 877/877/1 876/876/1
f 846/846/1 847/847/1 878/878/1
f 846/846/1 878/878/1 877/877/1
f 847/847/1 848/848/1 879/879/1
f 847/847/1 879/879/1 878/878/1
f 848/848/1 849/849/1 880/880/1
f 848/848/1 880/880/1 879/879/1
f 849/849/1 850/850/1 881/881/1
f 849/849/1 881/881/1 880/880/1
f 850/850/1 851/851/1 882/882/1
f 850/850/1 882/882/1 881/881/1
f 851/851/1 852/852/1 883/883/1
f 851/851/1 883/883/1 882/882/1
f 852/852/1 853/853/1 884/884/1
f 852/852/1 884/884/1 883/883/1
f 853/853/1 854/854/1 885/885/1
f 853/853/1 885/885/1 884/884/1
f 854/854/1 855/855/1 886/886/1
f 854/854/1 886/886/1 885/885/1
f 855/855/1 856/856/1 887/887/1
f 855/855/1 887/887/1 886/886/1
f 856/856/1 857/857/1 888/888/1
f 856/856/1 888/888/1 887/887/1
f 857/857/1 858/858/1 889/889/1
f 857/857/1 889/889/1 888/888/1
f 858/858/1 859/859/1 890/890/1
f 858/858/1 890/890/1 889/889/1
f 859/859/1 860/860/1 891/891/1
f 859/859/1 891/891/1 890/890/1
f 860/860/1 861/861/1 892/892/1
f 860/860/1 892/892/1 891/891/1
f 861/861/1 862/862/1 893/893/1
f 861/861/1 893/893/1 892/892/1
f 862/862/1 863/863/1 894/894/1
f 862/862/1 894/894/1 893/893/1
f 863/863/1 864/864/1 895/895/1
f 863/863/1 895/895/1 894/894/1
f 864/864/1 865/865/1 896/896/1
f 864/864/1 896/896/1 895/895/1
f 865/865/1 866/866/1 897/897/1
f 865/865/1 897/897/1 896/896/1
f 866/866/1 867/867/1 898/898/1
f 866/866/1 898/898/1 897/897/1
f 867/867/1 868/868/1 899/899/1
f 867/867/1 899/899/1 898/898/1
f 869/869/1 870/870/1 901/901/1
f 869/869/1 901/901/1 900/900/1
f 870/870/1 871/871/1 902/902/1
f 870/870/1 902/902/1 901/901/1
f 871/871/1 872/872/1 903/903/1
f 871/871/1 903/903/1 902/902/1
f 872/872/1 873/873/1 904/904/1
f 872/872/1 904/904/1 903/903/1
f 873/873/1 874/874/1 905/905/1
f 873/873/1 905/905/1 904/904/1
f 874/874/1 875/875/1 906/906/1
f 874/874/1 906/906/1 905/905/1
f 875/875/1 876/876/1 907/907/1
f 875/875/1 907/907/1 906/906/1
f 876/876/1 877/877/1 908/908/1
f 876/876/1 908/908/1 907/907/1
f 877/877/1 878/878/1 909/909/1
f 877/877/1 909/909/1 908/908/1
f 878/878/1 879/879/1 910/910/1
f 878/878/1 910/910/1 909/909/1
f 879/879/1 880/880/1 911/911/1
f 879/879/1 911/911/1 910/910/1
f 880/880/1 881/881/1 912/912/1
f 880/880/1 912/912/1 911/911/1
f 881/881/1 882/882/1 913/913/1
f 881/881/1 913/913/1 912/912/1
f 882/882/1 883/883/1 914/914/1
f 882/882/1 914/914/1 913/913/1
f 883/883/1 884/884/1 915/915/1
f 883/883/1 915/915/1 914/914/1
f 884/884/1 885/885/1 916/916/1
f 884/884/1 916/916/1 915/915/1
f 885/885/1 886/886/1 917/917/1
f 885/885/1 917/917/1 916/916/1
f 886/886/1 887/887/1 918/918/1
f 886/886/1 918/918/1 917/917/1
f 887/887/1 888/888/1 919/919/1
f 887/887/1 919/919/1 918/918/1
f 888/888/1 889/889/1 920/920/1
f 888/888/1 920/920/1 919/919/1
f 889/889/1 890/890/1 921/921/1
f 889/889/1 921/921/1 920/920/1
f 890/890/1 891/891/1 922/922/1
f 890/890/1 922/922/1 921/921/1
f 891/891/1 892/892/1 923/923/1
f 891/891/1 923/923/1 922/922/1
f 892/892/1 893/893/1 924/924/1
f 892/892/1 924/924/1 923/923/1
f 893/893/1 894/894/1 925/925/1
f 893/893/1 925/925/1 924/924/1
f 894/894/1 895/895/1 926/926/1
f 894/894/1 926/926/1 925/925/1
f 895/895/1 896/896/1 927/927/1
f 895/895/1 927/927/1 926/926/1
f 896/896/1 897/897/1 928/928/1
f 896/896/1 928/928/1 927/927/1
f 897/897/1 898/898/1 929/929/1
f 897/897/1 929/929/1 928/928/1
f 898/898/1 899/899/1 930/930/1
f 898/898/1 930/930/1 929/929/1
f 900/900/1 901/901/1 932/932/1
f 900/900/1 932/932/1 931/931/1
f 901/901/1 902/902/1 933/933/1
f 901/901/1 933/933/1 932/932/1
f 902/902/1 903/903/1 934/934/1
f 902/902/1 934/934/1 933/933/1
f 903/903/1 904/904/1 935/935/1
f 903/903/1 935/935/1 934/934/1
f 904/904/1 905/905/1 936/936/1
f 904/904/1 936/936/1 935/935/1
f 905/905/1 906/906/1 937/937/1
f 905/905/1 937/937/1 936/936/1
f 906/906/1 907/907/1 938/938/1
f 906/906/1 938/938/1 937/937/1
f 907/907/1 908/908/1 939/939/1
f 907/907/1 939/939/1 938/938/1
f 908/908/1 909/909/1 940/940/1
f 908/908/1 940/940/1 939/939/1
f 909/909/1 910/910/1 941/941/1
f 909/909/1 941/941/1 940/940/1
f 910/910/1 911/911/1 942/942/1
f 910/910/1 942/942/1 941/941/1
f 911/911/1 912/912/1 943/943/1
f 911/911/1 943/943/1 942/942/1
f 912/912/1 913/913/1 944/944/1
f 912/912/1 944/944/1 943/943/1
f 913/913/1 914/914/1 945/945/1
f 913/913/1 945/945/1 944/944/1
f 914/914/1 915/915/1 946/946/1
f 914/914/1 946/946/1 945/945/1
f 915/915/1 916/916/1 947/947/1
f 915/915/1 947/947/1 946/946/1
f 916/916/1 917/917/1 948/948/1
f 916/916/1 948/948/1 947/947/1
f 917/917/1 918/918/1 949/949/1
f 917/917/1 949/949/1 948/948/1
f 918/918/1 919/919/1 950/950/1
f 918/918/1 950/950/1 949/949/1
f 919/919/1 920/920/1 951/951/1
f 919/919/1 951/951/1 950/950/1
f 920/920/1 921/921/1 952/952/1
f 920/920/1 952/952/1 951/951/1
f 921/921/1 922/922/1 953/953/1
f 921/921/1 953/953/1 952/952/1
f 922/922/1 923/923/1 954/954/1
f 922/922/1 954/954/1 953/953/1
f 923/923/1 924/924/1 955/955/1
f 923/923/1 955/955/1 954/954/1
f 924/924/1 925/925/1 956/956/1
f 924/924/1 956/956/1 955/955/1
f 925/925/1 926/926/1 957/957/1
f 925/925/1 957/957/1 956/956/1
f 926/926/1 927/927/1 958/958/1
f 926/926/1 958/958/1 957/957/1
f 927/927/1 928/928/1 959/959/1
f 927/927/1 959/959/1 958/958/1
f 928/928/1 929/929/1 960/960/1
f 928/928/1 960/960/1 959/959/1
f 929/929/1 930/930/1 961/961/1
f 929/929/1 961/961/1 960/960/1

o Avenue
g Avenue
usemtl mat_asfalto
f 962/1/1 965/2/1 964/5/1
f 962/1/1 964/5/1 963/6/1
f 966/6/1 969/5/1 968/9/1
f 966/6/1 968/9/1 967/10/1
f 970/10/1 973/9/1 972/13/1
f 970/10/1 972/13/1 971/14/1
f 974/14/1 977/13/1 976/17/1
f 974/14/1 976/17/1 975/18/1
f 978/18/1 981/17/1 980/21/1
f 978/18/1 980/21/1 979/22/1
f 982/22/1 985/21/1 984/25/1
f 982/22/1 984/25/1 983/26/1
f 986/26/1 989/25/1 988/29/1
f 986/26/1 988/29/1 987/30/1
f 990/30/1 993/29/1 992/33/1
f 990/30/1 992/33/1 991/34/1
f 994/34/1 997/33/1 996/37/1
f 994/34/1 996/37/1 995/38/1
f 998/38/1 1001/37/1 1000/41/1
f 998/38/1 1000/41/1 999/42/1
f 1002/42/1 1005/41/1 1004/45/1
f 1002/42/1 1004/45/1 1003/46/1
f 1006/46/1 1009/45/1 1008/49/1
f 1006/46/1 1008/49/1 1007/50/1
usemtl mat_cruzamento
f 1010/50/1 1013/49/1 1012/53/1
f 1010/50/1 1012/53/1 1011/54/1
f 1014/54/1 1017/53/1 1016/57/1
f 1014/54/1 1016/57/1 1015/58/1
usemtl mat_asfalto
f 1018/58/1 1021/57/1 1020/61/1
f 1018/58/1 1020/61/1 1019/62/1
f 1022/62/1 1025/61/1 1024/963/1
f 1022/62/1 1024/963/1 1023/962/1
f 1026/962/1 1029/963/1 1028/965/1
f 1026/962/1 1028/965/1 1027/964/1
f 1030/964/1 1033/965/1 1032/967/1
f 1030/964/1 1032/967/1 1031/966/1
f 1034/966/1 1037/967/1 1036/969/1
f 1034/966/1 1036/969/1 1035/968/1
f 1038/968/1 1041/969/1 1040/971/1
f 1038/968/1 1040/971/1 1039/970/1
f 1042/970/1 1045/971/1 1044/973/1
f 1042/970/1 1044/973/1 1043/972/1
f 1046/972/1 1049/973/1 1048/975/1
f 1046/972/1 1048/975/1 1047/974/1
f 1050/974/1 1053/975/1 1052/977/1
f 1050/974/1 1052/977/1 1051/976/1
f 1054/976/1 1057/977/1 1056/979/1
f 1054/976/1 1056/979/1 1055/978/1
f 1058/978/1 1061/979/1 1060/981/1
f 1058/978/1 1060/981/1 1059/980/1
f 1062/980/1 1065/981/1 1064/983/1
f 1062/980/1 1064/983/1 1063/982/1

o Sidewalks
g Sidewalks
usemtl mat_calcada
f 1066/1/1 1069/2/1 1068/985/1
f 1066/1/1 1068/985/1 1067/984/1
usemtl mat_concreto_pontilhao
f 1070/1/5 1069/987/5 1068/986/5
f 1070/1/5 1068/986/5 1071/2/5
usemtl mat_calcada
f 1072/1/1 1075/2/1 1074/985/1
f 1072/1/1 1074/985/1 1073/984/1
usemtl mat_concreto_pontilhao
f 1077/1/6 1073/987/6 1072/986/6
f 1077/1/6 1072/986/6 1076/2/6
usemtl mat_calcada
f 1078/984/1 1081/985/1 1080/7/1
f 1078/984/1 1080/7/1 1079/8/1
usemtl mat_concreto_pontilhao
f 1082/1/5 1081/987/5 1080/986/5
f 1082/1/5 1080/986/5 1083/2/5
usemtl mat_calcada
f 1084/984/1 1087/985/1 1086/7/1
f 1084/984/1 1086/7/1 1085/8/1
usemtl mat_concreto_pontilhao
f 1089/1/6 1085/987/6 1084/986/6
f 1089/1/6 1084/986/6 1088/2/6
usemtl mat_calcada
f 1090/8/1 1093/7/1 1092/989/1
f 1090/8/1 1092/989/1 1091/988/1
usemtl mat_concreto_pontilhao
f 1094/1/5 1093/987/5 1092/986/5
f 1094/1/5 1092/986/5 1095/2/5
usemtl mat_calcada
f 1096/8/1 1099/7/1 1098/989/1
f 1096/8/1 1098/989/1 1097/988/1
usemtl mat_concreto_pontilhao
f 1101/1/6 1097/987/6 1096/986/6
f 1101/1/6 1096/986/6 1100/2/6
usemtl mat_calcada
f 1102/988/1 1105/989/1 1104/13/1
f 1102/988/1 1104/13/1 1103/14/1
usemtl mat_concreto_pontilhao
f 1106/1/5 1105/987/5 1104/986/5
f 1106/1/5 1104/986/5 1107/2/5
usemtl mat_calcada
f 1108/988/1 1111/989/1 1110/13/1
f 1108/988/1 1110/13/1 1109/14/1
usemtl mat_concreto_pontilhao
f 1113/1/6 1109/987/6 1108/986/6
f 1113/1/6 1108/986/6 1112/2/6
usemtl mat_calcada
f 1114/14/1 1117/13/1 1116/991/1
f 1114/14/1 1116/991/1 1115/990/1
usemtl mat_concreto_pontilhao
f 1118/1/5 1117/987/5 1116/986/5
f 1118/1/5 1116/986/5 1119/2/5
usemtl mat_calcada
f 1120/14/1 1123/13/1 1122/991/1
f 1120/14/1 1122/991/1 1121/990/1
usemtl mat_concreto_pontilhao
f 1125/1/6 1121/987/6 1120/986/6
f 1125/1/6 1120/986/6 1124/2/6
usemtl mat_calcada
f 1126/990/1 1129/991/1 1128/19/1
f 1126/990/1 1128/19/1 1127/20/1
usemtl mat_concreto_pontilhao
f 1130/1/5 1129/987/5 1128/986/5
f 1130/1/5 1128/986/5 1131/2/5
usemtl mat_calcada
f 1132/990/1 1135/991/1 1134/19/1
f 1132/990/1 1134/19/1 1133/20/1
usemtl mat_concreto_pontilhao
f 1137/1/6 1133/987/6 1132/986/6
f 1137/1/6 1132/986/6 1136/2/6
usemtl mat_calcada
f 1138/20/1 1141/19/1 1140/993/1
f 1138/20/1 1140/993/1 1139/992/1
usemtl mat_concreto_pontilhao
f 1142/1/5 1141/987/5 1140/986/5
f 1142/1/5 1140/986/5 1143/2/5
usemtl mat_calcada
f 1144/20/1 1147/19/1 1146/993/1
f 1144/20/1 1146/993/1 1145/992/1
usemtl mat_concreto_pontilhao
f 1149/1/6 1145/987/6 1144/986/6
f 1149/1/6 1144/986/6 1148/2/6
usemtl mat_calcada
f 1150/992/1 1153/993/1 1152/25/1
f 1150/992/1 1152/25/1 1151/26/1
usemtl mat_concreto_pontilhao
f 1154/1/5 1153/987/5 1152/986/5
f 1154/1/5 1152/986/5 1155/2/5
usemtl mat_calcada
f 1156/992/1 1159/993/1 1158/25/1
f 1156/992/1 1158/25/1 1157/26/1
usemtl mat_concreto_pontilhao
f 1161/1/6 1157/987/6 1156/986/6
f 1161/1/6 1156/986/6 1160/2/6
usemtl mat_calcada
f 1162/26/1 1165/25/1 1164/995/1
f 1162/26/1 1164/995/1 1163/994/1
usemtl mat_concreto_pontilhao
f 1166/1/5 1165/987/5 1164/986/5
f 1166/1/5 1164/986/5 1167/2/5
usemtl mat_calcada
f 1168/26/1 1171/25/1 1170/995/1
f 1168/26/1 1170/995/1 1169/994/1
usemtl mat_concreto_pontilhao
f 1173/1/6 1169/987/6 1168/986/6
f 1173/1/6 1168/986/6 1172/2/6
usemtl mat_calcada
f 1174/994/1 1177/995/1 1176/31/1
f 1174/994/1 1176/31/1 1175/32/1
usemtl mat_concreto_pontilhao
f 1178/1/5 1177/987/5 1176/986/5
f 1178/1/5 1176/986/5 1179/2/5
usemtl mat_calcada
f 1180/994/1 1183/995/1 1182/31/1
f 1180/994/1 1182/31/1 1181/32/1
usemtl mat_concreto_pontilhao
f 1185/1/6 1181/987/6 1180/986/6
f 1185/1/6 1180/986/6 1184/2/6
usemtl mat_calcada
f 1186/32/1 1189/31/1 1188/997/1
f 1186/32/1 1188/997/1 1187/996/1
usemtl mat_concreto_pontilhao
f 1190/1/5 1189/987/5 1188/986/5
f 1190/1/5 1188/986/5 1191/2/5
usemtl mat_calcada
f 1192/32/1 1195/31/1 1194/997/1
f 1192/32/1 1194/997/1 1193/996/1
usemtl mat_concreto_pontilhao
f 1197/1/6 1193/987/6 1192/986/6
f 1197/1/6 1192/986/6 1196/2/6
usemtl mat_calcada
f 1198/996/1 1201/997/1 1200/37/1
f 1198/996/1 1200/37/1 1199/38/1
usemtl mat_concreto_pontilhao
f 1202/1/5 1201/987/5 1200/986/5
f 1202/1/5 1200/986/5 1203/2/5
usemtl mat_calcada
f 1204/996/1 1207/997/1 1206/37/1
f 1204/996/1 1206/37/1 1205/38/1
usemtl mat_concreto_pontilhao
f 1209/1/6 1205/987/6 1204/986/6
f 1209/1/6 1204/986/6 1208/2/6
usemtl mat_calcada
f 1210/38/1 1213/37/1 1212/999/1
f 1210/38/1 1212/999/1 1211/998/1
usemtl mat_concreto_pontilhao
f 1214/1/5 1213/987/5 1212/986/5
f 1214/1/5 1212/986/5 1215/2/5
usemtl mat_calcada
f 1216/38/1 1219/37/1 1218/999/1
f 1216/38/1 1218/999/1 1217/998/1
usemtl mat_concreto_pontilhao
f 1221/1/6 1217/987/6 1216/986/6
f 1221/1/6 1216/986/6 1220/2/6
usemtl mat_calcada
f 1222/998/1 1225/999/1 1224/43/1
f 1222/998/1 1224/43/1 1223/44/1
usemtl mat_concreto_pontilhao
f 1226/1/5 1225/987/5 1224/986/5
f 1226/1/5 1224/986/5 1227/2/5
usemtl mat_calcada
f 1228/998/1 1231/999/1 1230/43/1
f 1228/998/1 1230/43/1 1229/44/1
usemtl mat_concreto_pontilhao
f 1233/1/6 1229/987/6 1228/986/6
f 1233/1/6 1228/986/6 1232/2/6
usemtl mat_calcada
f 1234/44/1 1237/43/1 1236/1001/1
f 1234/44/1 1236/1001/1 1235/1000/1
usemtl mat_concreto_pontilhao
f 1238/1/5 1237/987/5 1236/986/5
f 1238/1/5 1236/986/5 1239/2/5
usemtl mat_calcada
f 1240/44/1 1243/43/1 1242/1001/1
f 1240/44/1 1242/1001/1 1241/1000/1
usemtl mat_concreto_pontilhao
f 1245/1/6 1241/987/6 1240/986/6
f 1245/1/6 1240/986/6 1244/2/6
usemtl mat_calcada
f 1246/1000/1 1249/1001/1 1248/49/1
f 1246/1000/1 1248/49/1 1247/50/1
usemtl mat_concreto_pontilhao
f 1250/1/5 1249/987/5 1248/986/5
f 1250/1/5 1248/986/5 1251/2/5
usemtl mat_calcada
f 1252/1000/1 1255/1001/1 1254/49/1
f 1252/1000/1 1254/49/1 1253/50/1
usemtl mat_concreto_pontilhao
f 1257/1/6 1253/987/6 1252/986/6
f 1257/1/6 1252/986/6 1256/2/6
usemtl mat_calcada
f 1258/50/1 1261/49/1 1260/1003/1
f 1258/50/1 1260/1003/1 1259/1002/1
usemtl mat_concreto_pontilhao
f 1262/1/5 1261/987/5 1260/986/5
f 1262/1/5 1260/986/5 1263/2/5
usemtl mat_calcada
f 1264/50/1 1267/49/1 1266/1003/1
f 1264/50/1 1266/1003/1 1265/1002/1
usemtl mat_concreto_pontilhao
f 1269/1/6 1265/987/6 1264/986/6
f 1269/1/6 1264/986/6 1268/2/6
usemtl mat_calcada
f 1270/1002/1 1273/1003/1 1272/55/1
f 1270/1002/1 1272/55/1 1271/56/1
usemtl mat_concreto_pontilhao
f 1274/1/5 1273/987/5 1272/986/5
f 1274/1/5 1272/986/5 1275/2/5
usemtl mat_calcada
f 1276/1002/1 1279/1003/1 1278/55/1
f 1276/1002/1 1278/55/1 1277/56/1
usemtl mat_concreto_pontilhao
f 1281/1/6 1277/987/6 1276/986/6
f 1281/1/6 1276/986/6 1280/2/6
usemtl mat_calcada
f 1282/56/1 1285/55/1 1284/1005/1
f 1282/56/1 1284/1005/1 1283/1004/1
usemtl mat_concreto_pontilhao
f 1286/1/5 1285/987/5 1284/986/5
f 1286/1/5 1284/986/5 1287/2/5
usemtl mat_calcada
f 1288/56/1 1291/55/1 1290/1005/1
f 1288/56/1 1290/1005/1 1289/1004/1
usemtl mat_concreto_pontilhao
f 1293/1/6 1289/987/6 1288/986/6
f 1293/1/6 1288/986/6 1292/2/6
usemtl mat_calcada
f 1294/1004/1 1297/1005/1 1296/61/1
f 1294/1004/1 1296/61/1 1295/62/1
usemtl mat_concreto_pontilhao
f 1298/1/5 1297/987/5 1296/986/5
f 1298/1/5 1296/986/5 1299/2/5
usemtl mat_calcada
f 1300/1004/1 1303/1005/1 1302/61/1
f 1300/1004/1 1302/61/1 1301/62/1
usemtl mat_concreto_pontilhao
f 1305/1/6 1301/987/6 1300/986/6
f 1305/1/6 1300/986/6 1304/2/6
usemtl mat_calcada
f 1306/62/1 1309/61/1 1308/1007/1
f 1306/62/1 1308/1007/1 1307/1006/1
usemtl mat_concreto_pontilhao
f 1310/1/5 1309/987/5 1308/986/5
f 1310/1/5 1308/986/5 1311/2/5
usemtl mat_calcada
f 1312/62/1 1315/61/1 1314/1007/1
f 1312/62/1 1314/1007/1 1313/1006/1
usemtl mat_concreto_pontilhao
f 1317/1/6 1313/987/6 1312/986/6
f 1317/1/6 1312/986/6 1316/2/6
usemtl mat_calcada
f 1318/1006/1 1321/1007/1 1320/1009/1
f 1318/1006/1 1320/1009/1 1319/1008/1
usemtl mat_concreto_pontilhao
f 1322/1/5 1321/987/5 1320/986/5
f 1322/1/5 1320/986/5 1323/2/5
usemtl mat_calcada
f 1324/1006/1 1327/1007/1 1326/1009/1
f 1324/1006/1 1326/1009/1 1325/1008/1
usemtl mat_concreto_pontilhao
f 1329/1/6 1325/987/6 1324/986/6
f 1329/1/6 1324/986/6 1328/2/6
usemtl mat_calcada
f 1330/1008/1 1333/1009/1 1332/1011/1
f 1330/1008/1 1332/1011/1 1331/1010/1
usemtl mat_concreto_pontilhao
f 1334/1/5 1333/987/5 1332/986/5
f 1334/1/5 1332/986/5 1335/2/5
usemtl mat_calcada
f 1336/1008/1 1339/1009/1 1338/1011/1
f 1336/1008/1 1338/1011/1 1337/1010/1
usemtl mat_concreto_pontilhao
f 1341/1/6 1337/987/6 1336/986/6
f 1341/1/6 1336/986/6 1340/2/6
usemtl mat_calcada
f 1342/1010/1 1345/1011/1 1344/967/1
f 1342/1010/1 1344/967/1 1343/966/1
usemtl mat_concreto_pontilhao
f 1346/1/5 1345/987/5 1344/986/5
f 1346/1/5 1344/986/5 1347/2/5
usemtl mat_calcada
f 1348/1010/1 1351/1011/1 1350/967/1
f 1348/1010/1 1350/967/1 1349/966/1
usemtl mat_concreto_pontilhao
f 1353/1/6 1349/987/6 1348/986/6
f 1353/1/6 1348/986/6 1352/2/6
usemtl mat_calcada
f 1354/966/1 1357/967/1 1356/1013/1
f 1354/966/1 1356/1013/1 1355/1012/1
usemtl mat_concreto_pontilhao
f 1358/1/5 1357/987/5 1356/986/5
f 1358/1/5 1356/986/5 1359/2/5
usemtl mat_calcada
f 1360/966/1 1363/967/1 1362/1013/1
f 1360/966/1 1362/1013/1 1361/1012/1
usemtl mat_concreto_pontilhao
f 1365/1/6 1361/987/6 1360/986/6
f 1365/1/6 1360/986/6 1364/2/6
usemtl mat_calcada
f 1366/1012/1 1369/1013/1 1368/1015/1
f 1366/1012/1 1368/1015/1 1367/1014/1
usemtl mat_concreto_pontilhao
f 1370/1/5 1369/987/5 1368/986/5
f 1370/1/5 1368/986/5 1371/2/5
usemtl mat_calcada
f 1372/1012/1 1375/1013/1 1374/1015/1
f 1372/1012/1 1374/1015/1 1373/1014/1
usemtl mat_concreto_pontilhao
f 1377/1/6 1373/987/6 1372/986/6
f 1377/1/6 1372/986/6 1376/2/6

o PracaPark
g PracaPark
usemtl mat_grama
f 1378/1/1 1381/12/1 1380/254/1
f 1378/1/1 1380/254/1 1379/249/1
usemtl mat_rosas
f 1382/1/1 1385/6/1 1384/96/1
f 1382/1/1 1384/96/1 1383/94/1
f 1386/1/1 1389/6/1 1388/96/1
f 1386/1/1 1388/96/1 1387/94/1
f 1390/1/1 1393/6/1 1392/96/1
f 1390/1/1 1392/96/1 1391/94/1
f 1394/1/1 1397/6/1 1396/96/1
f 1394/1/1 1396/96/1 1395/94/1
usemtl mat_calcada
f 1398/1/1 1401/14/1 1400/69/1
f 1398/1/1 1400/69/1 1399/63/1
f 1402/1/1 1405/14/1 1404/69/1
f 1402/1/1 1404/69/1 1403/63/1
f 1406/1/6 1410/4/6 1411/3/6
f 1406/1/6 1411/3/6 1407/2/6
f 1408/1/5 1412/4/5 1413/3/5
f 1408/1/5 1413/3/5 1409/2/5
f 1407/1/3 1411/4/3 1412/3/3
f 1407/1/3 1412/3/3 1408/2/3
f 1409/1/4 1413/4/4 1410/3/4
f 1409/1/4 1410/3/4 1406/2/4
usemtl mat_coreto
f 1410/1/1 1413/4/1 1412/3/1
f 1410/1/1 1412/3/1 1411/2/1
f 1414/1/6 1418/4/6 1419/3/6
f 1414/1/6 1419/3/6 1415/2/6
f 1416/1/5 1420/4/5 1421/3/5
f 1416/1/5 1421/3/5 1417/2/5
f 1415/1/3 1419/4/3 1420/3/3
f 1415/1/3 1420/3/3 1416/2/3
f 1417/1/4 1421/4/4 1418/3/4
f 1417/1/4 1418/3/4 1414/2/4
usemtl mat_telhado
f 1418/1/1 1421/4/1 1420/3/1
f 1418/1/1 1420/3/1 1419/2/1
usemtl mat_calcada
f 1422/1/6 1426/4/6 1427/3/6
f 1422/1/6 1427/3/6 1423/2/6
f 1424/1/5 1428/4/5 1429/3/5
f 1424/1/5 1429/3/5 1425/2/5
f 1423/1/3 1427/4/3 1428/3/3
f 1423/1/3 1428/3/3 1424/2/3
f 1425/1/4 1429/4/4 1426/3/4
f 1425/1/4 1426/3/4 1422/2/4
f 1426/1/1 1429/4/1 1428/3/1
f 1426/1/1 1428/3/1 1427/2/1
f 1430/1/6 1434/4/6 1435/3/6
f 1430/1/6 1435/3/6 1431/2/6
f 1432/1/5 1436/4/5 1437/3/5
f 1432/1/5 1437/3/5 1433/2/5
f 1431/1/3 1435/4/3 1436/3/3
f 1431/1/3 1436/3/3 1432/2/3
f 1433/1/4 1437/4/4 1434/3/4
f 1433/1/4 1434/3/4 1430/2/4
f 1434/1/1 1437/4/1 1436/3/1
f 1434/1/1 1436/3/1 1435/2/1

o Matriz
g Matriz
usemtl mat_paralelepipedo
f 1438/1/1 1441/8/1 1440/128/1
f 1438/1/1 1440/128/1 1439/125/1
f 1442/1/1 1445/1017/1 1444/1016/1
f 1442/1/1 1444/1016/1 1443/94/1
f 1446/1/1 1449/1017/1 1448/1016/1
f 1446/1/1 1448/1016/1 1447/94/1
f 1450/1/1 1453/1017/1 1452/1016/1
f 1450/1/1 1452/1016/1 1451/94/1
f 1454/1/1 1457/1017/1 1456/1016/1
f 1454/1/1 1456/1016/1 1455/94/1
usemtl mat_matriz_fachada
f 1458/1/6 1462/4/6 1463/3/6
f 1458/1/6 1463/3/6 1459/2/6
f 1460/1/5 1464/4/5 1465/3/5
f 1460/1/5 1465/3/5 1461/2/5
f 1459/1/3 1463/4/3 1464/3/3
f 1459/1/3 1464/3/3 1460/2/3
f 1461/1/4 1465/4/4 1462/3/4
f 1461/1/4 1462/3/4 1458/2/4
usemtl mat_telhado
f 1462/1/1 1465/4/1 1464/3/1
f 1462/1/1 1464/3/1 1463/2/1
usemtl mat_matriz_torre
f 1466/1/6 1470/4/6 1471/3/6
f 1466/1/6 1471/3/6 1467/2/6
f 1468/1/5 1472/4/5 1473/3/5
f 1468/1/5 1473/3/5 1469/2/5
f 1467/1/3 1471/4/3 1472/3/3
f 1467/1/3 1472/3/3 1468/2/3
f 1469/1/4 1473/4/4 1470/3/4
f 1469/1/4 1470/3/4 1466/2/4
usemtl mat_telhado
f 1470/1/1 1473/4/1 1472/3/1
f 1470/1/1 1472/3/1 1471/2/1
usemtl mat_matriz_torre
f 1474/1/6 1478/4/6 1479/3/6
f 1474/1/6 1479/3/6 1475/2/6
f 1476/1/5 1480/4/5 1481/3/5
f 1476/1/5 1481/3/5 1477/2/5
f 1475/1/3 1479/4/3 1480/3/3
f 1475/1/3 1480/3/3 1476/2/3
f 1477/1/4 1481/4/4 1478/3/4
f 1477/1/4 1478/3/4 1474/2/4
usemtl mat_telhado
f 1478/1/1 1481/4/1 1480/3/1
f 1478/1/1 1480/3/1 1479/2/1

o Stores
g Stores
usemtl mat_casas_bahia
f 1482/1/6 1486/4/6 1487/3/6
f 1482/1/6 1487/3/6 1483/2/6
f 1484/1/5 1488/4/5 1489/3/5
f 1484/1/5 1489/3/5 1485/2/5
f 1483/1/3 1487/4/3 1488/3/3
f 1483/1/3 1488/3/3 1484/2/3
f 1485/1/4 1489/4/4 1486/3/4
f 1485/1/4 1486/3/4 1482/2/4
usemtl mat_telhado
f 1486/1/1 1489/4/1 1488/3/1
f 1486/1/1 1488/3/1 1487/2/1
usemtl mat_araujo
f 1490/1/6 1494/4/6 1495/3/6
f 1490/1/6 1495/3/6 1491/2/6
f 1492/1/5 1496/4/5 1497/3/5
f 1492/1/5 1497/3/5 1493/2/5
f 1491/1/3 1495/4/3 1496/3/3
f 1491/1/3 1496/3/3 1492/2/3
f 1493/1/4 1497/4/4 1494/3/4
f 1493/1/4 1494/3/4 1490/2/4
usemtl mat_telhado
f 1494/1/1 1497/4/1 1496/3/1
f 1494/1/1 1496/3/1 1495/2/1
usemtl mat_banco_brasil
f 1498/1/6 1502/4/6 1503/3/6
f 1498/1/6 1503/3/6 1499/2/6
f 1500/1/5 1504/4/5 1505/3/5
f 1500/1/5 1505/3/5 1501/2/5
f 1499/1/3 1503/4/3 1504/3/3
f 1499/1/3 1504/3/3 1500/2/3
f 1501/1/4 1505/4/4 1502/3/4
f 1501/1/4 1502/3/4 1498/2/4
usemtl mat_telhado
f 1502/1/1 1505/4/1 1504/3/1
f 1502/1/1 1504/3/1 1503/2/1
usemtl mat_lojas_cem
f 1506/1/6 1510/4/6 1511/3/6
f 1506/1/6 1511/3/6 1507/2/6
f 1508/1/5 1512/4/5 1513/3/5
f 1508/1/5 1513/3/5 1509/2/5
f 1507/1/3 1511/4/3 1512/3/3
f 1507/1/3 1512/3/3 1508/2/3
f 1509/1/4 1513/4/4 1510/3/4
f 1509/1/4 1510/3/4 1506/2/4
usemtl mat_telhado
f 1510/1/1 1513/4/1 1512/3/1
f 1510/1/1 1512/3/1 1511/2/1
usemtl mat_colonial_1
f 1514/1/6 1518/4/6 1519/3/6
f 1514/1/6 1519/3/6 1515/2/6
f 1516/1/5 1520/4/5 1521/3/5
f 1516/1/5 1521/3/5 1517/2/5
f 1515/1/3 1519/4/3 1520/3/3
f 1515/1/3 1520/3/3 1516/2/3
f 1517/1/4 1521/4/4 1518/3/4
f 1517/1/4 1518/3/4 1514/2/4
usemtl mat_telhado
f 1518/1/1 1521/4/1 1520/3/1
f 1518/1/1 1520/3/1 1519/2/1
usemtl mat_colonial_2
f 1522/1/6 1526/4/6 1527/3/6
f 1522/1/6 1527/3/6 1523/2/6
f 1524/1/5 1528/4/5 1529/3/5
f 1524/1/5 1529/3/5 1525/2/5
f 1523/1/3 1527/4/3 1528/3/3
f 1523/1/3 1528/3/3 1524/2/3
f 1525/1/4 1529/4/4 1526/3/4
f 1525/1/4 1526/3/4 1522/2/4
usemtl mat_telhado
f 1526/1/1 1529/4/1 1528/3/1
f 1526/1/1 1528/3/1 1527/2/1
usemtl mat_predio_1
f 1530/1/6 1534/4/6 1535/3/6
f 1530/1/6 1535/3/6 1531/2/6
f 1532/1/5 1536/4/5 1537/3/5
f 1532/1/5 1537/3/5 1533/2/5
f 1531/1/3 1535/4/3 1536/3/3
f 1531/1/3 1536/3/3 1532/2/3
f 1533/1/4 1537/4/4 1534/3/4
f 1533/1/4 1534/3/4 1530/2/4
usemtl mat_telhado
f 1534/1/1 1537/4/1 1536/3/1
f 1534/1/1 1536/3/1 1535/2/1
usemtl mat_comercio_1
f 1538/1/6 1542/4/6 1543/3/6
f 1538/1/6 1543/3/6 1539/2/6
f 1540/1/5 1544/4/5 1545/3/5
f 1540/1/5 1545/3/5 1541/2/5
f 1539/1/3 1543/4/3 1544/3/3
f 1539/1/3 1544/3/3 1540/2/3
f 1541/1/4 1545/4/4 1542/3/4
f 1541/1/4 1542/3/4 1538/2/4
usemtl mat_telhado
f 1542/1/1 1545/4/1 1544/3/1
f 1542/1/1 1544/3/1 1543/2/1
usemtl mat_comercio_2
f 1546/1/6 1550/4/6 1551/3/6
f 1546/1/6 1551/3/6 1547/2/6
f 1548/1/5 1552/4/5 1553/3/5
f 1548/1/5 1553/3/5 1549/2/5
f 1547/1/3 1551/4/3 1552/3/3
f 1547/1/3 1552/3/3 1548/2/3
f 1549/1/4 1553/4/4 1550/3/4
f 1549/1/4 1550/3/4 1546/2/4
usemtl mat_telhado
f 1550/1/1 1553/4/1 1552/3/1
f 1550/1/1 1552/3/1 1551/2/1

o Basilica
g Basilica
usemtl mat_basilica
f 1554/1/6 1558/4/6 1559/3/6
f 1554/1/6 1559/3/6 1555/2/6
f 1556/1/5 1560/4/5 1561/3/5
f 1556/1/5 1561/3/5 1557/2/5
f 1555/1/3 1559/4/3 1560/3/3
f 1555/1/3 1560/3/3 1556/2/3
f 1557/1/4 1561/4/4 1558/3/4
f 1557/1/4 1558/3/4 1554/2/4
usemtl mat_telhado
f 1558/1/1 1561/4/1 1560/3/1
f 1558/1/1 1560/3/1 1559/2/1
f 1562/1/6 1566/4/6 1567/3/6
f 1562/1/6 1567/3/6 1563/2/6
f 1564/1/5 1568/4/5 1569/3/5
f 1564/1/5 1569/3/5 1565/2/5
f 1563/1/3 1567/4/3 1568/3/3
f 1563/1/3 1568/3/3 1564/2/3
f 1565/1/4 1569/4/4 1566/3/4
f 1565/1/4 1566/3/4 1562/2/4
f 1566/1/1 1569/4/1 1568/3/1
f 1566/1/1 1568/3/1 1567/2/1

o Civic
g Civic
usemtl mat_estacao
f 1570/1/6 1574/4/6 1575/3/6
f 1570/1/6 1575/3/6 1571/2/6
f 1572/1/5 1576/4/5 1577/3/5
f 1572/1/5 1577/3/5 1573/2/5
f 1571/1/3 1575/4/3 1576/3/3
f 1571/1/3 1576/3/3 1572/2/3
f 1573/1/4 1577/4/4 1574/3/4
f 1573/1/4 1574/3/4 1570/2/4
usemtl mat_telhado
f 1574/1/1 1577/4/1 1576/3/1
f 1574/1/1 1576/3/1 1575/2/1
usemtl mat_hospital
f 1578/1/6 1582/4/6 1583/3/6
f 1578/1/6 1583/3/6 1579/2/6
f 1580/1/5 1584/4/5 1585/3/5
f 1580/1/5 1585/3/5 1581/2/5
f 1579/1/3 1583/4/3 1584/3/3
f 1579/1/3 1584/3/3 1580/2/3
f 1581/1/4 1585/4/4 1582/3/4
f 1581/1/4 1582/3/4 1578/2/4
usemtl mat_telhado
f 1582/1/1 1585/4/1 1584/3/1
f 1582/1/1 1584/3/1 1583/2/1

o StreetDetails
g StreetDetails
usemtl mat_detalhes
f 1586/1/6 1590/4/6 1591/3/6
f 1586/1/6 1591/3/6 1587/2/6
f 1588/1/5 1592/4/5 1593/3/5
f 1588/1/5 1593/3/5 1589/2/5
f 1587/1/3 1591/4/3 1592/3/3
f 1587/1/3 1592/3/3 1588/2/3
f 1589/1/4 1593/4/4 1590/3/4
f 1589/1/4 1590/3/4 1586/2/4
f 1590/1/1 1593/4/1 1592/3/1
f 1590/1/1 1592/3/1 1591/2/1
f 1594/1/6 1598/4/6 1599/3/6
f 1594/1/6 1599/3/6 1595/2/6
f 1596/1/5 1600/4/5 1601/3/5
f 1596/1/5 1601/3/5 1597/2/5
f 1595/1/3 1599/4/3 1600/3/3
f 1595/1/3 1600/3/3 1596/2/3
f 1597/1/4 1601/4/4 1598/3/4
f 1597/1/4 1598/3/4 1594/2/4
f 1598/1/1 1601/4/1 1600/3/1
f 1598/1/1 1600/3/1 1599/2/1
f 1602/1/6 1606/4/6 1607/3/6
f 1602/1/6 1607/3/6 1603/2/6
f 1604/1/5 1608/4/5 1609/3/5
f 1604/1/5 1609/3/5 1605/2/5
f 1603/1/3 1607/4/3 1608/3/3
f 1603/1/3 1608/3/3 1604/2/3
f 1605/1/4 1609/4/4 1606/3/4
f 1605/1/4 1606/3/4 1602/2/4
f 1606/1/1 1609/4/1 1608/3/1
f 1606/1/1 1608/3/1 1607/2/1
f 1610/1/6 1614/4/6 1615/3/6
f 1610/1/6 1615/3/6 1611/2/6
f 1612/1/5 1616/4/5 1617/3/5
f 1612/1/5 1617/3/5 1613/2/5
f 1611/1/3 1615/4/3 1616/3/3
f 1611/1/3 1616/3/3 1612/2/3
f 1613/1/4 1617/4/4 1614/3/4
f 1613/1/4 1614/3/4 1610/2/4
f 1614/1/1 1617/4/1 1616/3/1
f 1614/1/1 1616/3/1 1615/2/1
f 1618/1/6 1622/4/6 1623/3/6
f 1618/1/6 1623/3/6 1619/2/6
f 1620/1/5 1624/4/5 1625/3/5
f 1620/1/5 1625/3/5 1621/2/5
f 1619/1/3 1623/4/3 1624/3/3
f 1619/1/3 1624/3/3 1620/2/3
f 1621/1/4 1625/4/4 1622/3/4
f 1621/1/4 1622/3/4 1618/2/4
f 1622/1/1 1625/4/1 1624/3/1
f 1622/1/1 1624/3/1 1623/2/1
f 1626/1/6 1630/4/6 1631/3/6
f 1626/1/6 1631/3/6 1627/2/6
f 1628/1/5 1632/4/5 1633/3/5
f 1628/1/5 1633/3/5 1629/2/5
f 1627/1/3 1631/4/3 1632/3/3
f 1627/1/3 1632/3/3 1628/2/3
f 1629/1/4 1633/4/4 1630/3/4
f 1629/1/4 1630/3/4 1626/2/4
f 1630/1/1 1633/4/1 1632/3/1
f 1630/1/1 1632/3/1 1631/2/1
f 1634/1/6 1638/4/6 1639/3/6
f 1634/1/6 1639/3/6 1635/2/6
f 1636/1/5 1640/4/5 1641/3/5
f 1636/1/5 1641/3/5 1637/2/5
f 1635/1/3 1639/4/3 1640/3/3
f 1635/1/3 1640/3/3 1636/2/3
f 1637/1/4 1641/4/4 1638/3/4
f 1637/1/4 1638/3/4 1634/2/4
f 1638/1/1 1641/4/1 1640/3/1
f 1638/1/1 1640/3/1 1639/2/1
f 1642/1/6 1646/4/6 1647/3/6
f 1642/1/6 1647/3/6 1643/2/6
f 1644/1/5 1648/4/5 1649/3/5
f 1644/1/5 1649/3/5 1645/2/5
f 1643/1/3 1647/4/3 1648/3/3
f 1643/1/3 1648/3/3 1644/2/3
f 1645/1/4 1649/4/4 1646/3/4
f 1645/1/4 1646/3/4 1642/2/4
f 1646/1/1 1649/4/1 1648/3/1
f 1646/1/1 1648/3/1 1647/2/1
f 1650/1/6 1654/4/6 1655/3/6
f 1650/1/6 1655/3/6 1651/2/6
f 1652/1/5 1656/4/5 1657/3/5
f 1652/1/5 1657/3/5 1653/2/5
f 1651/1/3 1655/4/3 1656/3/3
f 1651/1/3 1656/3/3 1652/2/3
f 1653/1/4 1657/4/4 1654/3/4
f 1653/1/4 1654/3/4 1650/2/4
f 1654/1/1 1657/4/1 1656/3/1
f 1654/1/1 1656/3/1 1655/2/1
f 1658/1/6 1662/4/6 1663/3/6
f 1658/1/6 1663/3/6 1659/2/6
f 1660/1/5 1664/4/5 1665/3/5
f 1660/1/5 1665/3/5 1661/2/5
f 1659/1/3 1663/4/3 1664/3/3
f 1659/1/3 1664/3/3 1660/2/3
f 1661/1/4 1665/4/4 1662/3/4
f 1661/1/4 1662/3/4 1658/2/4
f 1662/1/1 1665/4/1 1664/3/1
f 1662/1/1 1664/3/1 1663/2/1
f 1666/1/6 1670/4/6 1671/3/6
f 1666/1/6 1671/3/6 1667/2/6
f 1668/1/5 1672/4/5 1673/3/5
f 1668/1/5 1673/3/5 1669/2/5
f 1667/1/3 1671/4/3 1672/3/3
f 1667/1/3 1672/3/3 1668/2/3
f 1669/1/4 1673/4/4 1670/3/4
f 1669/1/4 1670/3/4 1666/2/4
f 1670/1/1 1673/4/1 1672/3/1
f 1670/1/1 1672/3/1 1671/2/1
f 1674/1/6 1678/4/6 1679/3/6
f 1674/1/6 1679/3/6 1675/2/6
f 1676/1/5 1680/4/5 1681/3/5
f 1676/1/5 1681/3/5 1677/2/5
f 1675/1/3 1679/4/3 1680/3/3
f 1675/1/3 1680/3/3 1676/2/3
f 1677/1/4 1681/4/4 1678/3/4
f 1677/1/4 1678/3/4 1674/2/4
f 1678/1/1 1681/4/1 1680/3/1
f 1678/1/1 1680/3/1 1679/2/1
f 1682/1/6 1686/4/6 1687/3/6
f 1682/1/6 1687/3/6 1683/2/6
f 1684/1/5 1688/4/5 1689/3/5
f 1684/1/5 1689/3/5 1685/2/5
f 1683/1/3 1687/4/3 1688/3/3
f 1683/1/3 1688/3/3 1684/2/3
f 1685/1/4 1689/4/4 1686/3/4
f 1685/1/4 1686/3/4 1682/2/4
f 1686/1/1 1689/4/1 1688/3/1
f 1686/1/1 1688/3/1 1687/2/1
f 1690/1/6 1694/4/6 1695/3/6
f 1690/1/6 1695/3/6 1691/2/6
f 1692/1/5 1696/4/5 1697/3/5
f 1692/1/5 1697/3/5 1693/2/5
f 1691/1/3 1695/4/3 1696/3/3
f 1691/1/3 1696/3/3 1692/2/3
f 1693/1/4 1697/4/4 1694/3/4
f 1693/1/4 1694/3/4 1690/2/4
f 1694/1/1 1697/4/1 1696/3/1
f 1694/1/1 1696/3/1 1695/2/1
f 1698/1/6 1702/4/6 1703/3/6
f 1698/1/6 1703/3/6 1699/2/6
f 1700/1/5 1704/4/5 1705/3/5
f 1700/1/5 1705/3/5 1701/2/5
f 1699/1/3 1703/4/3 1704/3/3
f 1699/1/3 1704/3/3 1700/2/3
f 1701/1/4 1705/4/4 1702/3/4
f 1701/1/4 1702/3/4 1698/2/4
f 1702/1/1 1705/4/1 1704/3/1
f 1702/1/1 1704/3/1 1703/2/1
f 1706/1/6 1710/4/6 1711/3/6
f 1706/1/6 1711/3/6 1707/2/6
f 1708/1/5 1712/4/5 1713/3/5
f 1708/1/5 1713/3/5 1709/2/5
f 1707/1/3 1711/4/3 1712/3/3
f 1707/1/3 1712/3/3 1708/2/3
f 1709/1/4 1713/4/4 1710/3/4
f 1709/1/4 1710/3/4 1706/2/4
f 1710/1/1 1713/4/1 1712/3/1
f 1710/1/1 1712/3/1 1711/2/1
f 1714/1/6 1718/4/6 1719/3/6
f 1714/1/6 1719/3/6 1715/2/6
f 1716/1/5 1720/4/5 1721/3/5
f 1716/1/5 1721/3/5 1717/2/5
f 1715/1/3 1719/4/3 1720/3/3
f 1715/1/3 1720/3/3 1716/2/3
f 1717/1/4 1721/4/4 1718/3/4
f 1717/1/4 1718/3/4 1714/2/4
f 1718/1/1 1721/4/1 1720/3/1
f 1718/1/1 1720/3/1 1719/2/1
f 1722/1/6 1726/4/6 1727/3/6
f 1722/1/6 1727/3/6 1723/2/6
f 1724/1/5 1728/4/5 1729/3/5
f 1724/1/5 1729/3/5 1725/2/5
f 1723/1/3 1727/4/3 1728/3/3
f 1723/1/3 1728/3/3 1724/2/3
f 1725/1/4 1729/4/4 1726/3/4
f 1725/1/4 1726/3/4 1722/2/4
f 1726/1/1 1729/4/1 1728/3/1
f 1726/1/1 1728/3/1 1727/2/1
f 1730/1/6 1734/4/6 1735/3/6
f 1730/1/6 1735/3/6 1731/2/6
f 1732/1/5 1736/4/5 1737/3/5
f 1732/1/5 1737/3/5 1733/2/5
f 1731/1/3 1735/4/3 1736/3/3
f 1731/1/3 1736/3/3 1732/2/3
f 1733/1/4 1737/4/4 1734/3/4
f 1733/1/4 1734/3/4 1730/2/4
f 1734/1/1 1737/4/1 1736/3/1
f 1734/1/1 1736/3/1 1735/2/1
f 1738/1/6 1742/4/6 1743/3/6
f 1738/1/6 1743/3/6 1739/2/6
f 1740/1/5 1744/4/5 1745/3/5
f 1740/1/5 1745/3/5 1741/2/5
f 1739/1/3 1743/4/3 1744/3/3
f 1739/1/3 1744/3/3 1740/2/3
f 1741/1/4 1745/4/4 1742/3/4
f 1741/1/4 1742/3/4 1738/2/4
f 1742/1/1 1745/4/1 1744/3/1
f 1742/1/1 1744/3/1 1743/2/1
f 1746/1/6 1750/4/6 1751/3/6
f 1746/1/6 1751/3/6 1747/2/6
f 1748/1/5 1752/4/5 1753/3/5
f 1748/1/5 1753/3/5 1749/2/5
f 1747/1/3 1751/4/3 1752/3/3
f 1747/1/3 1752/3/3 1748/2/3
f 1749/1/4 1753/4/4 1750/3/4
f 1749/1/4 1750/3/4 1746/2/4
f 1750/1/1 1753/4/1 1752/3/1
f 1750/1/1 1752/3/1 1751/2/1
f 1754/1/6 1758/4/6 1759/3/6
f 1754/1/6 1759/3/6 1755/2/6
f 1756/1/5 1760/4/5 1761/3/5
f 1756/1/5 1761/3/5 1757/2/5
f 1755/1/3 1759/4/3 1760/3/3
f 1755/1/3 1760/3/3 1756/2/3
f 1757/1/4 1761/4/4 1758/3/4
f 1757/1/4 1758/3/4 1754/2/4
f 1758/1/1 1761/4/1 1760/3/1
f 1758/1/1 1760/3/1 1759/2/1
f 1762/1/6 1766/4/6 1767/3/6
f 1762/1/6 1767/3/6 1763/2/6
f 1764/1/5 1768/4/5 1769/3/5
f 1764/1/5 1769/3/5 1765/2/5
f 1763/1/3 1767/4/3 1768/3/3
f 1763/1/3 1768/3/3 1764/2/3
f 1765/1/4 1769/4/4 1766/3/4
f 1765/1/4 1766/3/4 1762/2/4
f 1766/1/1 1769/4/1 1768/3/1
f 1766/1/1 1768/3/1 1767/2/1
f 1770/1/6 1774/4/6 1775/3/6
f 1770/1/6 1775/3/6 1771/2/6
f 1772/1/5 1776/4/5 1777/3/5
f 1772/1/5 1777/3/5 1773/2/5
f 1771/1/3 1775/4/3 1776/3/3
f 1771/1/3 1776/3/3 1772/2/3
f 1773/1/4 1777/4/4 1774/3/4
f 1773/1/4 1774/3/4 1770/2/4
f 1774/1/1 1777/4/1 1776/3/1
f 1774/1/1 1776/3/1 1775/2/1
f 1778/1/6 1782/4/6 1783/3/6
f 1778/1/6 1783/3/6 1779/2/6
f 1780/1/5 1784/4/5 1785/3/5
f 1780/1/5 1785/3/5 1781/2/5
f 1779/1/3 1783/4/3 1784/3/3
f 1779/1/3 1784/3/3 1780/2/3
f 1781/1/4 1785/4/4 1782/3/4
f 1781/1/4 1782/3/4 1778/2/4
f 1782/1/1 1785/4/1 1784/3/1
f 1782/1/1 1784/3/1 1783/2/1
f 1786/1/6 1790/4/6 1791/3/6
f 1786/1/6 1791/3/6 1787/2/6
f 1788/1/5 1792/4/5 1793/3/5
f 1788/1/5 1793/3/5 1789/2/5
f 1787/1/3 1791/4/3 1792/3/3
f 1787/1/3 1792/3/3 1788/2/3
f 1789/1/4 1793/4/4 1790/3/4
f 1789/1/4 1790/3/4 1786/2/4
f 1790/1/1 1793/4/1 1792/3/1
f 1790/1/1 1792/3/1 1791/2/1

